ID_Producto,Clase_ABC,Demanda_Diaria_Media,Lead_Time_Media,Safety_Stock,Reorder_Point
CO-ARR149-12192,C,10.4194,0.0,0.0,0
CO-ARR149-12193,C,6.1667,0.0,0.0,0
CO-ARR149-13092,C,4.7097,0.0,0.0,0
CO-ARR149-6203,C,7.2726,0.0,0.0,0
CO-CAR200-12622,C,33.2712,0.0,0.0,0
CO-CAR201-10890,A,29.8889,0.51,249.0856,264
CO-CAR201-10891,A,29.6491,0.37,186.3148,197
CO-CAR201-11073,C,12.0712,0.0,0.0,0
CO-CAR201-12441,C,5.0462,0.0,0.0,0
CO-CAR201-12970,C,29.0,0.0,0.0,0
CO-CAR201-13899,C,68.0,0.0,0.0,0
CO-CAR201-6301,C,93.2258,0.48,639.069,683
CO-CAR202-5329,C,57.1777,0.0,0.0,0
CO-CAR202-5330,C,14.1711,0.0,0.0,0
CO-CAR202-6114,C,8.4686,0.0,0.0,0
CO-CAR202-6304,C,29.6659,0.0,0.0,0
CO-CAR202-8082,A,86.4185,0.54,525.6668,572
CO-DGB309-2131,C,35.6427,0.0,0.0,0
CO-DGB309-2132,C,38.4033,0.0,0.0,0
CO-DGB309-2133,C,43.1107,0.82,478.3531,513
CO-DGB309-2153,C,5.9064,0.0,0.0,0
CO-DGB309-2157,C,104.943,0.84,1204.8002,1292
CO-DGB309-2159,C,92.0479,0.79,1001.2992,1074
CO-DGB309-2160,C,89.0611,0.8,1000.7558,1072
CO-DGB309-2161,C,62.147,0.73,655.4208,700
CO-DGB309-6652,C,7.544,0.0,0.0,0
CO-DGB309-9039,C,9.1862,0.0,0.0,0
CO-FVL354-11462,C,26.733,0.0,0.0,0
CO-FVL354-3030,C,89.7702,0.86,1019.4006,1096
CO-FVL354-4025,C,31.5685,0.0,0.0,0
CO-FVL354-5562,C,17.113,0.0,0.0,0
CO-FVL354-7190,C,12.9989,0.0,0.0,0
CO-FVL354-7191,C,19.6581,0.0,0.0,0
CO-FVL354-7627,C,20.8587,0.0,0.0,0
CO-FVL354-8388,C,18.1106,0.0,0.0,0
CO-FVL356-0522,B,129.0665,0.54,863.9725,933
CO-FVL356-1512,A,811.1076,0.78,11947.5223,12582
CO-FVL356-2155,C,15.639,0.0,0.0,0
CO-FVL356-6031,A,1343.9673,1.0,37811.5666,39154
CO-FVL356-7225,C,12.4395,0.0,0.0,0
CO-FVL356-8665,A,853.6073,1.02,24238.1072,25112
CO-FVL357-5141,B,65.7446,0.77,702.3495,752
CO-FVL399-8315,B,36.5675,0.69,369.4605,394
CO-HYE449-4124,C,8.1876,0.0,0.0,0
CO-HYE449-7719,B,32.2614,0.81,356.3742,382
CO-PDM450-0176,B,51.5564,0.38,282.3349,301
CO-PDM450-10620,A,133.3433,0.25,1047.5693,1081
CO-PDM450-9773,C,20.343,0.0,0.0,0
CO-PDM451-13192,C,17.0521,0.0,0.0,0
CO-PDM451-1841,B,15.9895,0.25,112.1996,116
CO-PDM451-2342,A,158.2003,0.41,1667.7063,1732
CO-PDM451-9831,C,16.0555,0.0,0.0,0
CO-PDM452-1278,A,642.4611,1.05,13539.1033,14215
CO-PDM452-1516,B,260.1565,0.0,86.3266,87
CO-PDM452-1517,C,34.3547,0.0,0.0,0
CO-PDM452-1518,A,614.436,0.65,8210.8998,8608
CO-PDM452-7721,C,0.0,0.0,0.0,0
CO-PDM452-7974,A,669.8733,0.41,10667.107,10944
CO-PDM452-9155,C,30.5305,1.26,492.1429,530
CO-PDM452-9671,C,65.1589,0.0,0.0,0
CO-PDM453-10042,C,2.7618,0.0,0.0,0
CO-PDM453-1109,C,2.9449,0.0,0.0,0
CO-PDM453-11598,C,88.3451,0.0,0.0,0
CO-PDM453-11660,B,16.8024,0.0,0.0,0
CO-PDM453-13726,C,2.7091,0.0,0.0,0
CO-PDM453-1606,B,157.328,-0.22,335.3498,301
CO-PDM453-1750,C,5.883,0.0,0.0,0
CO-PDM453-3986,A,137.97,0.59,1871.4843,1953
CO-PDM453-7171,C,95.6,0.0,0.0,0
CO-PDM453-8551,B,19.8738,0.0,0.0,0
CO-PDM453-9112,C,99.695,0.0,0.0,0
CO-PDM453-9341,C,15.721,0.0,0.0,0
CO-PDM453-9356,C,32.364,0.0,0.0,0
CO-PDM453-9524,A,12.6316,0.0,0.0,0
CO-PDM453-9525,B,12.887,-0.01,8.3782,8
CO-PDM454-0619,C,11.2662,0.0,0.0,0
CO-PDM454-10684,A,74.5088,0.61,992.4019,1037
CO-PDM454-2340,C,8.6017,0.0,0.0,0
CO-PDM454-2341,C,7.6419,0.0,0.0,0
CO-PDM454-3597,C,5.8992,0.0,0.0,0
CO-PDM454-3985,C,16.2419,0.0,0.0,0
CO-PDM454-4899,C,1.771,0.0,0.0,0
CO-PDM454-5224,C,10.9182,0.0,0.0,0
CO-PDM454-6248,C,2.8148,0.0,0.0,0
CO-PDM454-6854,C,8.6441,0.0,0.0,0
CO-PDM454-9727,B,126.8478,0.3,944.298,981
CO-PDM454-9728,B,73.4829,0.68,1086.279,1136
CO-PDM454-9902,B,12.8631,0.22,80.5166,83
CO-PDM454-9903,C,6.5775,0.0,0.0,0
CO-PDM454-9922,C,9.7796,0.0,0.0,0
CO-PDM454-9939,C,25.8216,0.0,0.0,0
CO-PDM454-9940,A,88.1082,0.46,1014.6341,1055
CO-PDM454-9942,C,6.2828,0.0,0.0,0
CO-PDM454-9943,C,6.6234,0.0,0.0,0
CO-PDM454-9953,C,12.967,0.0,0.0,0
CO-PDM454-9954,C,9.0753,0.0,0.0,0
CO-PDM456-0028,C,8.25,0.0,0.0,0
CO-PDM456-0043,B,56.8018,0.1,112.0551,117
CO-PDM456-0044,B,170.5425,0.01,230.3449,232
CO-PDM456-10030,C,22.3276,0.0,0.0,0
CO-PDM456-10045,C,33.0841,0.0,0.0,0
CO-PDM456-10060,C,25.2964,0.0,0.0,0
CO-PDM456-10639,C,22.5249,0.0,0.0,0
CO-PDM456-11588,B,130.4839,0.38,1035.4378,1084
CO-PDM456-11589,B,206.5955,0.29,1327.3788,1387
CO-PDM456-11872,B,186.5073,0.15,834.6002,863
CO-PDM456-13111,C,29.9729,0.0,0.0,0
CO-PDM456-13112,B,180.7612,0.09,419.8349,435
CO-PDM456-1388,C,47.0494,1.22,855.2259,912
CO-PDM456-13881,C,7.0706,0.0,0.0,0
CO-PDM456-1392,B,17.926,0.16,41.9849,44
CO-PDM456-1394,C,22.3336,0.0,0.0,0
CO-PDM456-1701,C,11.4572,0.0,0.0,0
CO-PDM456-2438,B,145.1917,0.22,654.8542,686
CO-PDM456-3530,B,213.1245,0.24,1007.0994,1059
CO-PDM456-5476,C,13.2958,0.0,0.0,0
CO-PDM456-8386,C,20.9995,0.0,0.0,0
CO-PDM456-9348,C,13.6615,0.0,0.0,0
CO-PDM456-9349,C,10.9229,0.0,0.0,0
CO-PDM456-9786,C,18.5546,0.0,0.0,0
CO-PDM456-9830,B,107.5864,0.44,951.1885,998
CO-PDM458-10931,C,273.4836,0.0,0.0,0
CO-PDM458-11118,C,630.9386,0.0,0.0,0
CO-PDM458-7166,C,15.1547,0.0,0.0,0
CO-PDM458-9766,A,2643.6656,1.23,30510.2265,33758
CO-PDM458-9767,A,1154.0739,1.11,12360.3428,13638
CO-PDM458-9804,A,114.4765,0.8,1061.51,1153
CO-PDM499-0774,C,8.3741,0.0,0.0,0
CO-PDM499-10462,C,10.3458,0.0,0.0,0
CO-PDM499-10736,A,746.3123,0.54,7574.9534,7978
CO-PDM499-12586,C,12.6874,0.0,0.0,0
CO-PDM499-5469,C,2.0522,0.0,0.0,0
CO-PDM499-6120,B,182.264,0.58,2159.8183,2265
CO-SFP600-8376,C,5.2224,0.0,0.0,0
CO-SFP602-10089,B,23.008,1.06,319.953,344
CO-SFP602-10323,A,83.5982,1.98,1385.4717,1551
CO-SFP602-10440,C,6.4695,0.0,0.0,0
CO-SFP602-11593,C,3.0,0.0,0.0,0
CO-SFP602-12571,C,80.5382,0.0,0.0,0
CO-SFP602-12572,C,46.1548,0.0,0.0,0
CO-SFP602-12573,C,191.5541,0.0,0.0,0
CO-SFP602-3347,C,4.6517,0.0,0.0,0
CO-SFP602-3348,C,20.9146,0.0,0.0,0
CO-SFP602-3973,C,2.783,0.0,0.0,0
CO-SFP602-4788,A,46.3,1.77,734.3266,816
CO-SFP602-5743,A,66.0375,1.82,1034.2461,1154
CO-SFP602-5745,C,7.3153,0.0,0.0,0
CO-SFP602-6046,C,18.6218,0.0,0.0,0
CO-SFP602-6448,C,4.7048,0.0,0.0,0
CO-SFP602-6804,B,33.4611,1.84,563.6742,625
CO-SFP603-10059,C,37.3735,0.0,0.0,0
CO-SFP603-10316,C,24.7298,0.0,0.0,0
CO-SFP603-10453,C,20.0037,0.0,0.0,0
CO-SFP603-11223,C,126.2296,0.0,0.0,0
CO-SFP603-11489,C,18.3944,0.0,0.0,0
CO-SFP603-13476,C,56.0,0.0,0.0,0
CO-SFP603-1534,C,79.262,0.0,0.0,0
CO-SFP603-4127,A,487.797,1.84,8598.0368,9493
CO-SFP603-8117,C,12.9475,0.0,0.0,0
CO-SFP606-1143,C,15.7161,0.0,0.0,0
CO-SFP606-1147,B,42.0528,0.26,141.1253,152
CO-SFP606-7121,A,532.0511,2.01,9991.7167,11060
CO-SFP649-5780,C,11.4926,0.0,0.0,0
CO-SFP649-6116,C,38.443,0.71,390.1585,417
CO-SYE550-6450,C,16.8044,0.0,0.0,0
CO-SYE558-6000,B,20.1702,0.97,240.9771,260
CO-TQO749-0562,C,18.8005,0.0,0.0,0
CO-TQO749-10317,C,11.3352,0.0,0.0,0
CO-TQO749-11284,C,12.247,0.0,0.0,0
CO-TYE751-0208,B,109.5275,0.24,354.5551,381
CO-TYE751-1324,A,851.5508,1.45,20231.7743,21470
CO-TYE752-0207,C,23.2597,0.0,0.0,0
CO-TYE752-1323,A,568.6457,1.4,13181.0201,13975
CO-TYE752-2021,A,873.2403,0.99,10119.7025,10979
CO-TYE753-0213,C,46.0701,0.24,151.4674,162
CO-TYE753-1325,A,713.6654,1.31,16163.9377,17097
CO-TYE755-10454,C,16.514,0.0,0.0,0
CO-TYE755-10455,C,19.6887,0.0,0.0,0
CO-TYE755-10456,C,15.8622,0.0,0.0,0
CO-TYE755-10457,C,16.2602,0.0,0.0,0
CO-TYE755-10458,C,14.8099,0.0,0.0,0
CO-TYE755-11585,B,23.2172,0.33,93.6953,101
CO-TYE755-11586,C,20.914,0.0,0.0,0
CO-TYE755-11655,C,18.9032,0.0,0.0,0
CO-TYE755-11682,B,433.8466,0.68,5974.2831,6267
CO-TYE755-11917,C,37.2292,0.0,0.0,0
CO-TYE755-11918,C,32.1172,0.0,0.0,0
CO-TYE755-13171,C,14.9811,0.0,0.0,0
CO-TYE755-13172,C,14.3925,0.0,0.0,0
CO-TYE755-13282,C,6.9812,0.0,0.0,0
CO-TYE755-13283,C,4.0823,0.0,0.0,0
CO-TYE755-13332,C,16.4582,0.0,0.0,0
CO-TYE755-13333,C,11.5422,0.0,0.0,0
CO-TYE755-13334,C,15.0207,0.0,0.0,0
CO-TYE755-13335,C,9.957,0.0,0.0,0
CO-TYE755-1768,A,229.6777,0.5,1425.1581,1540
CO-TYE755-1899,C,13.319,-0.04,2.2986,1
CO-TYE755-1900,A,47.178,-0.1,13.6142,8
CO-TYE755-5391,B,86.9798,0.73,688.8374,751
CO-TYE755-8977,A,32.7491,0.12,106.9762,110
CO-TYE755-9904,A,122.8968,0.62,704.6518,781
CO-TYE755-9905,B,60.8941,0.4,286.2263,310
CO-TYE799-1984,C,16.4704,0.0,0.0,0
SE-ACE050-0701,A,70.1821,0.84,661.7634,720
SE-ACE050-0702,B,63.4751,0.82,611.4803,663
SE-ACE050-0703,C,16.1776,0.81,152.4827,165
SE-ACE050-10084,C,6.2895,0.0,0.0,0
SE-ACE050-1101,A,14.8455,0.8,119.0221,130
SE-ACE050-11836,C,3.4912,0.0,0.0,0
SE-ACE050-11837,C,12.2881,0.0,0.0,0
SE-ACE050-7079,C,12.9941,0.76,126.261,136
SE-ACE050-9983,C,8.7914,0.0,0.0,0
SE-ACE051-10463,C,4.0,0.0,0.0,0
SE-ACE052-1882,C,5.3756,0.0,0.0,0
SE-ACE099-10326,C,13.6284,0.0,0.0,0
SE-ACE099-10327,C,4.6651,0.0,0.0,0
SE-ACE099-10941,B,22.147,1.18,292.5977,318
SE-ACE099-1875,B,52.9348,-0.47,102.0791,77
SE-ACE099-7080,C,14.4136,0.0,0.0,0
SE-ACE099-7081,C,9.9464,0.0,0.0,0
SE-ACE099-8368,C,1.9167,0.0,0.0,0
SE-ACE099-9924,C,13.1557,0.0,0.0,0
SE-ARR100-0012,C,13.683,0.0,0.0,0
SE-ARR101-0063,B,16.523,0.42,49.5428,56
SE-ARR101-0064,C,4.2919,0.0,0.0,0
SE-ARR101-0065,A,39.5778,0.65,212.7398,238
SE-ARR101-0066,B,53.7542,0.51,175.1505,202
SE-ARR101-0833,B,51.2856,0.0,0.0,0
SE-ARR101-0836,A,451.3429,1.06,4965.8304,5445
SE-ARR101-0838,A,1023.7379,2.32,18943.5059,21322
SE-ARR101-10324,C,28.4761,0.0,0.0,0
SE-ARR101-10709,A,258.2011,1.49,4174.8865,4558
SE-ARR101-10758,C,175.657,0.0,0.0,0
SE-ARR101-1205,B,13.0868,0.39,64.157,69
SE-ARR101-1206,B,21.9514,0.46,103.1757,113
SE-ARR101-1498,C,8.3333,0.0,0.0,0
SE-ARR101-1786,A,213.3299,1.14,2863.3085,3106
SE-ARR101-1888,B,46.5432,0.0,0.0,0
SE-ARR101-1889,A,36.0258,0.0,0.0,0
SE-ARR101-2199,C,6.4944,0.0,0.0,0
SE-ARR101-4518,B,25.2428,-0.0,0.0,0
SE-ARR101-4781,A,77.798,1.02,824.4735,904
SE-ARR102-11297,B,37.629,0.82,548.7959,579
SE-ARR102-11328,A,102.7014,1.91,2343.5839,2539
SE-ARR102-11401,B,41.5374,1.16,713.6305,761
SE-ARR102-11402,C,12.4979,0.0,0.0,0
SE-ARR102-11548,C,8.0432,0.0,0.0,0
SE-ARR102-1810,C,4.5373,0.0,0.0,0
SE-ARR102-1813,B,13.2579,0.7,140.3854,149
SE-ARR102-1814,C,2.125,0.0,0.0,0
SE-ARR102-2882,B,8.6911,0.76,97.9101,104
SE-ARR102-4622,C,6.6348,0.0,0.0,0
SE-ARR102-5227,C,7.3486,0.0,0.0,0
SE-ARR103-3525,B,36.9785,1.07,496.3232,535
SE-ARR104-0917,C,585.3333,0.0,0.0,0
SE-ARR104-1384,C,24.9177,0.0,0.0,0
SE-ARR149-11326,C,104.9656,0.65,1074.8158,1142
SE-ARR149-11327,C,37.0761,0.0,0.0,0
SE-ARR149-12838,C,36.6714,0.0,0.0,0
SE-ARR149-14040,C,16.6667,0.0,0.0,0
SE-ARR149-1442,B,122.7008,1.13,1515.9266,1655
SE-ARR149-3450,C,11.0882,0.0,0.0,0
SE-ARR149-5512,C,0.0,0.0,0.0,0
SE-ARR149-7798,C,12.1168,0.0,0.0,0
SE-BEB150-10916,C,23.3104,0.0,0.0,0
SE-BEB150-10917,C,37.015,0.0,0.0,0
SE-BEB150-10918,C,31.3227,0.0,0.0,0
SE-BEB150-11685,C,13.8802,0.0,0.0,0
SE-BEB150-11686,C,19.6298,0.0,0.0,0
SE-BEB150-11690,C,18.297,0.0,0.0,0
SE-BEB150-12592,C,167.2454,0.0,0.0,0
SE-BEB150-12593,C,210.8947,0.61,2230.9069,2360
SE-BEB150-12594,C,314.8193,0.54,3149.4754,3319
SE-BEB150-13474,C,343.9094,1.09,5043.5273,5420
SE-BEB151-0920,C,72.2825,0.14,224.6285,234
SE-BEB151-11268,A,455.2155,0.53,2580.081,2822
SE-BEB151-11728,C,171.7175,0.0,0.0,0
SE-BEB151-11729,C,156.7761,0.0,0.0,0
SE-BEB151-11861,C,18.2513,0.0,0.0,0
SE-BEB151-13038,C,21.167,0.0,0.0,0
SE-BEB151-1429,B,102.8684,0.41,486.9054,528
SE-BEB151-1430,A,445.8363,0.55,2308.9305,2555
SE-BEB151-1431,C,33.8803,0.0,0.0,0
SE-BEB151-1432,B,415.1512,0.4,1149.9945,1315
SE-BEB151-8538,A,630.2949,0.61,5374.7831,5759
SE-BEB151-9946,C,37.0694,0.0,0.0,0
SE-BEB152-0097,A,420.9573,0.97,5893.2518,6300
SE-BEB152-0114,C,6.7432,0.0,0.0,0
SE-BEB152-10965,C,5.4,0.0,0.0,0
SE-BEB152-11977,C,20.5619,0.0,0.0,0
SE-BEB152-11978,C,4.6,0.0,0.0,0
SE-BEB152-11979,C,60.3333,0.0,0.0,0
SE-BEB152-11980,C,6.3245,0.0,0.0,0
SE-BEB152-13260,C,7.3315,0.0,0.0,0
SE-BEB153-0121,B,23.5382,0.81,174.7651,193
SE-BEB153-0876,B,75.4428,0.28,235.8731,257
SE-BEB153-10006,C,52.5518,0.15,297.3918,305
SE-BEB153-10007,C,52.9768,0.42,578.3193,600
SE-BEB153-10008,C,55.0509,0.41,594.8865,617
SE-BEB153-10296,C,54.8484,0.0,0.0,0
SE-BEB153-10297,C,51.6932,0.0,0.0,0
SE-BEB153-10298,C,51.2877,0.0,0.0,0
SE-BEB153-11094,C,67.2997,0.43,771.7478,800
SE-BEB153-11184,C,7.9587,0.0,0.0,0
SE-BEB153-11185,C,5.6583,0.0,0.0,0
SE-BEB153-11290,C,51.8118,0.0,0.0,0
SE-BEB153-11291,C,27.4541,0.0,0.0,0
SE-BEB153-11292,C,31.5357,0.0,0.0,0
SE-BEB153-11293,C,44.5335,0.0,0.0,0
SE-BEB153-11294,C,36.4946,0.0,0.0,0
SE-BEB154-0543,A,1245.1129,2.1,26041.589,28653
SE-BEB154-10016,C,42.169,0.0,0.0,0
SE-BEB154-1023,C,20.466,0.0,0.0,0
SE-BEB154-10304,C,27.7122,0.0,0.0,0
SE-BEB154-10305,C,27.4262,0.0,0.0,0
SE-BEB154-10306,C,25.805,0.0,0.0,0
SE-BEB154-10902,C,107.7195,0.0,0.0,0
SE-BEB154-10903,C,120.6271,0.0,0.0,0
SE-BEB154-10904,C,144.0481,0.0,0.0,0
SE-BEB154-10905,C,118.2043,0.0,0.0,0
SE-BEB154-10914,C,24.6006,0.0,0.0,0
SE-BEB154-10950,B,459.6089,0.41,3666.6246,3855
SE-BEB154-10951,C,283.8913,0.35,2059.9186,2158
SE-BEB154-10952,C,347.1691,0.27,2304.3253,2397
SE-BEB154-10953,C,329.7812,0.24,1880.3602,1960
SE-BEB154-10954,C,175.5783,0.16,799.9273,828
SE-BEB154-11143,C,50.371,0.0,0.0,0
SE-BEB154-11174,C,57.8299,0.0,0.0,0
SE-BEB154-11175,C,19.2621,0.0,0.0,0
SE-BEB154-11176,C,21.1939,0.0,0.0,0
SE-BEB154-11177,C,19.4836,0.0,0.0,0
SE-BEB154-11178,C,14.0808,0.0,0.0,0
SE-BEB154-11179,C,28.4156,0.0,0.0,0
SE-BEB154-11180,C,28.2365,0.0,0.0,0
SE-BEB154-11438,C,184.6337,0.0,0.0,0
SE-BEB154-11439,C,149.3221,0.0,0.0,0
SE-BEB154-11440,C,158.8945,0.0,0.0,0
SE-BEB154-11893,C,291.4973,0.26,1665.996,1740
SE-BEB154-11894,C,197.6313,0.0,0.0,0
SE-BEB154-12126,C,74.5036,0.0,0.0,0
SE-BEB154-12127,C,85.4772,0.0,0.0,0
SE-BEB154-12128,C,68.3352,0.0,0.0,0
SE-BEB154-12129,C,72.2681,0.0,0.0,0
SE-BEB154-12130,C,62.7528,0.0,0.0,0
SE-BEB154-12131,C,73.2193,0.0,0.0,0
SE-BEB154-12132,C,90.0285,0.0,0.0,0
SE-BEB154-12133,C,60.9985,0.0,0.0,0
SE-BEB154-12184,C,28.183,0.0,0.0,0
SE-BEB154-12185,C,37.6296,0.0,0.0,0
SE-BEB154-12186,C,24.8216,0.0,0.0,0
SE-BEB154-12242,C,48.1919,0.0,0.0,0
SE-BEB154-12243,C,41.1048,0.0,0.0,0
SE-BEB154-12244,C,113.4872,0.0,0.0,0
SE-BEB154-12245,C,121.3386,0.0,0.0,0
SE-BEB154-12246,C,262.0995,0.45,2092.6263,2210
SE-BEB154-12681,C,98.08,0.0,0.0,0
SE-BEB154-13852,C,143.7776,0.0,0.0,0
SE-BEB154-13853,C,60.7964,0.0,0.0,0
SE-BEB154-13854,C,106.6842,0.0,0.0,0
SE-BEB154-13855,C,95.9252,0.0,0.0,0
SE-BEB154-13856,C,76.5309,0.0,0.0,0
SE-BEB154-13960,C,15.3387,0.0,0.0,0
SE-BEB154-13962,C,18.1932,0.0,0.0,0
SE-BEB154-13963,C,114.7109,0.0,0.0,0
SE-BEB154-13964,C,112.6809,0.0,0.0,0
SE-BEB154-13965,C,89.5904,0.0,0.0,0
SE-BEB154-13966,C,96.741,0.0,0.0,0
SE-BEB154-1528,C,23.2766,0.0,0.0,0
SE-BEB154-2283,C,224.5124,1.25,3775.4976,4055
SE-BEB154-2343,B,312.1844,1.84,6202.411,6775
SE-BEB154-2344,A,937.5205,2.05,19391.5734,21310
SE-BEB154-2345,B,427.5211,1.76,8233.273,8983
SE-BEB154-2346,B,251.3618,1.47,4444.3099,4813
SE-BEB154-2848,B,326.2902,1.77,6333.5376,6910
SE-BEB154-9847,C,22.9271,0.0,0.0,0
SE-BEB154-9848,C,50.0203,0.0,0.0,0
SE-BEB154-9849,C,31.9006,0.0,0.0,0
SE-BEB154-9850,C,37.3859,0.0,0.0,0
SE-BEB154-9851,C,48.2448,0.0,0.0,0
SE-BEB154-9852,C,57.3201,0.0,0.0,0
SE-BEB154-9916,C,115.5565,1.45,2093.7535,2261
SE-BEB154-9917,A,593.0395,1.98,12216.4226,13390
SE-BEB154-9918,C,146.4503,1.44,2638.7885,2849
SE-BEB155-12180,C,240.6517,0.6,2893.7982,3038
SE-BEB155-12181,C,277.1271,0.71,3592.2954,3788
SE-BEB155-12182,C,205.9538,0.63,2524.1739,2653
SE-BEB155-12183,C,195.2288,0.6,2358.185,2475
SE-BEB155-12738,C,130.6181,0.0,0.0,0
SE-BEB155-12739,C,100.1591,0.0,0.0,0
SE-BEB155-12740,C,139.1023,0.0,0.0,0
SE-BEB155-12741,C,107.8491,0.0,0.0,0
SE-BEB156-11667,C,10.6811,0.0,0.0,0
SE-BEB156-4961,C,19.2049,0.0,0.0,0
SE-BEB156-5566,C,17.252,0.0,0.0,0
SE-BEB156-5568,C,2.8165,0.0,0.0,0
SE-BEB157-11671,C,9.29,0.0,0.0,0
SE-BEB157-1289,C,2.7951,0.0,0.0,0
SE-BEB157-1290,C,27.6441,0.0,0.0,0
SE-BEB157-2333,C,21.152,0.0,0.0,0
SE-BEB157-2334,C,24.3701,0.0,0.0,0
SE-BEB157-2335,C,22.2324,0.0,0.0,0
SE-BEB157-2336,C,4.0663,0.0,0.0,0
SE-BEB157-2338,C,37.9398,0.98,691.7057,728
SE-BEB157-2955,C,6.8555,0.0,0.0,0
SE-BEB157-3982,C,21.2163,1.56,473.064,506
SE-BEB157-5270,C,22.5362,0.0,0.0,0
SE-BEB157-5411,C,5.8252,0.0,0.0,0
SE-BEB157-5412,C,10.2412,0.0,0.0,0
SE-BEB157-5609,C,12.9885,0.0,0.0,0
SE-BEB157-5610,B,6.1567,1.13,118.3326,125
SE-BEB157-5611,C,22.549,0.0,0.0,0
SE-BEB157-5956,C,18.1072,0.0,0.0,0
SE-BEB157-5993,C,3.7647,0.0,0.0,0
SE-BEB157-5994,C,6.9168,0.0,0.0,0
SE-BEB157-5995,C,12.8075,0.0,0.0,0
SE-BEB157-5997,C,4.9598,0.0,0.0,0
SE-BEB157-6066,C,12.9643,0.0,0.0,0
SE-BEB157-6067,C,8.374,0.0,0.0,0
SE-BEB157-6068,C,10.3134,0.0,0.0,0
SE-BEB157-7816,C,23.0258,0.0,0.0,0
SE-BEB157-7817,C,16.7417,0.0,0.0,0
SE-BEB157-7980,C,24.8441,0.0,0.0,0
SE-BEB157-7981,C,7.8005,0.0,0.0,0
SE-BEB157-7982,C,3.3983,0.0,0.0,0
SE-BEB157-8112,C,24.3092,0.0,0.0,0
SE-BEB157-9598,B,13.6142,1.87,343.846,369
SE-BEB157-9599,C,11.253,0.0,0.0,0
SE-BEB157-9600,C,30.7207,0.0,0.0,0
SE-BEB157-9602,C,13.6619,0.0,0.0,0
SE-BEB157-9997,C,21.9905,0.0,0.0,0
SE-BEB158-10372,C,12.5714,0.0,0.0,0
SE-BEB158-10883,C,88.4711,0.56,607.0677,656
SE-BEB158-10884,B,156.0643,0.57,1085.5861,1175
SE-BEB158-10901,C,80.3394,0.0,0.0,0
SE-BEB158-10945,C,11.0,0.0,0.0,0
SE-BEB158-11691,C,123.0899,0.7,1080.8488,1167
SE-BEB158-12204,C,54.5029,0.0,0.0,0
SE-BEB158-12205,C,86.1349,0.0,0.0,0
SE-BEB158-12206,C,67.9191,0.0,0.0,0
SE-BEB158-12208,C,45.8454,0.0,0.0,0
SE-BEB158-12209,C,64.1035,0.0,0.0,0
SE-BEB158-12210,C,70.4904,0.0,0.0,0
SE-BEB158-12211,C,36.8156,0.0,0.0,0
SE-BEB158-12212,C,20.2825,0.0,0.0,0
SE-BEB158-12995,C,34.5047,0.0,0.0,0
SE-BEB158-13330,C,8.4146,0.0,0.0,0
SE-BEB158-5776,B,111.8976,0.49,687.6765,742
SE-BEB158-7899,B,156.4574,0.51,1005.4107,1085
SE-BEB158-8059,C,83.2732,0.49,583.034,623
SE-BEB158-8505,C,75.6715,0.44,451.6817,484
SE-BEB159-10908,C,14.2903,0.0,0.0,0
SE-BEB159-10909,C,15.0286,0.0,0.0,0
SE-BEB159-11169,C,17.9651,0.0,0.0,0
SE-BEB159-11722,C,117.8367,0.51,1174.7018,1234
SE-BEB159-11723,C,161.4443,0.51,1595.8282,1678
SE-BEB159-11724,C,183.6201,0.53,1849.7941,1947
SE-BEB159-11725,C,204.9219,0.52,2049.5377,2156
SE-BEB159-11726,C,164.8597,0.51,1639.9527,1724
SE-BEB159-11727,C,132.2941,0.51,1322.0446,1389
SE-BEB159-12489,C,21.1912,0.0,0.0,0
SE-BEB159-12595,C,450.2555,0.95,5987.97,6414
SE-BEB159-12596,C,451.1796,0.72,5324.7678,5651
SE-BEB159-12598,C,564.9568,1.0,7382.4233,7945
SE-BEB159-12599,C,369.0521,0.92,4904.8829,5245
SE-BEB159-12600,C,243.7634,0.41,2109.5776,2208
SE-BEB159-12601,C,703.0541,1.02,9253.2412,9973
SE-BEB159-12808,C,213.6004,0.0,0.0,0
SE-BEB159-12809,C,77.0558,0.0,0.0,0
SE-BEB159-12810,C,101.5109,0.0,0.0,0
SE-BEB159-12811,C,105.9876,0.0,0.0,0
SE-BEB159-12812,C,108.4113,0.0,0.0,0
SE-BEB159-12824,C,406.2637,0.9,5292.3768,5658
SE-BEB159-12825,C,275.7189,0.62,3164.2626,3336
SE-BEB159-12826,C,497.5405,0.87,6620.568,7053
SE-BEB159-13468,C,271.9731,0.0,0.0,0
SE-BEB159-13475,C,452.6251,0.66,5731.8643,6028
SE-BEB159-13959,C,129.1423,0.0,0.0,0
SE-BEB159-1406,C,10.3934,0.0,0.0,0
SE-BEB159-4613,C,14.3767,0.0,0.0,0
SE-BEB159-4615,C,15.8479,0.0,0.0,0
SE-BEB159-4832,C,10.7639,0.0,0.0,0
SE-BEB160-12500,C,83.0974,0.0,0.0,0
SE-BEB160-12501,C,34.1633,0.0,0.0,0
SE-BEB160-12507,C,34.4695,0.0,0.0,0
SE-BEB160-13163,C,77.2223,0.0,0.0,0
SE-BEB160-13164,C,61.3697,0.0,0.0,0
SE-BEB160-13165,C,28.1835,0.0,0.0,0
SE-BEB160-1400,C,14.7408,0.0,0.0,0
SE-BEB160-4910,C,71.7575,1.2,939.2097,1024
SE-BEB160-4911,C,32.8772,0.0,0.0,0
SE-BEB160-4912,C,37.6749,0.0,0.0,0
SE-BEB162-4543,C,4.0,0.0,0.0,0
SE-BEB163-12607,C,46.8266,0.0,0.0,0
SE-BEB163-13006,C,58.6208,0.0,0.0,0
SE-BEB199-12511,C,64.3034,0.0,0.0,0
SE-BEB199-12512,C,46.1526,0.0,0.0,0
SE-BEB199-13606,C,822.1808,0.22,3543.2476,3728
SE-BEB199-13607,C,533.8332,0.23,2369.8318,2493
SE-BEB199-13608,C,357.7181,0.0,0.0,0
SE-BEB199-13609,C,224.0288,0.0,0.0,0
SE-BEB199-13610,C,242.3367,0.0,0.0,0
SE-BEB199-8467,B,275.1858,0.08,506.2215,529
SE-BEB312-12420,C,18.2062,0.0,0.0,0
SE-CAR202-0718,C,13.7307,0.0,0.0,0
SE-DEL250-5613,C,11.0337,0.0,0.0,0
SE-DEL250-5614,C,20.4559,0.0,0.0,0
SE-DEL250-5615,C,11.3643,0.0,0.0,0
SE-DEL250-5620,C,7.1476,0.0,0.0,0
SE-DEL250-9584,C,16.3935,0.0,0.0,0
SE-DEL251-3912,C,2.2017,0.0,0.0,0
SE-DEL252-10057,C,10.1844,0.0,0.0,0
SE-DEL252-10058,C,10.9259,0.0,0.0,0
SE-DEL252-11473,C,16.3272,0.0,0.0,0
SE-DEL252-11877,C,26.7821,0.0,0.0,0
SE-DEL252-12190,C,14.8211,0.0,0.0,0
SE-DEL252-13197,C,17.1334,0.0,0.0,0
SE-DEL252-6091,C,22.19,0.0,0.0,0
SE-DEL252-6092,C,13.3036,0.0,0.0,0
SE-DEL252-6093,C,12.3495,0.0,0.0,0
SE-DEL252-6194,C,14.3173,0.0,0.0,0
SE-DEL252-7065,C,18.7363,0.0,0.0,0
SE-DEL252-7161,C,21.1363,0.0,0.0,0
SE-DEL252-7212,C,21.6607,0.0,0.0,0
SE-DEL252-7756,C,11.5797,0.0,0.0,0
SE-DEL252-7978,C,9.9667,0.0,0.0,0
SE-DGB155-11965,C,6.5661,0.0,0.0,0
SE-DGB156-11966,C,5.3381,0.0,0.0,0
SE-DGB157-11967,C,5.1964,0.0,0.0,0
SE-DGB158-11968,C,5.002,0.0,0.0,0
SE-DGB300-11322,C,20.0396,0.0,0.0,0
SE-DGB300-11350,C,16.5153,0.0,0.0,0
SE-DGB300-11441,C,200.7852,0.0,0.0,0
SE-DGB300-11442,C,191.3922,0.0,0.0,0
SE-DGB300-11443,C,235.0631,0.0,0.0,0
SE-DGB300-11641,C,21.2325,0.0,0.0,0
SE-DGB300-11643,C,49.8229,0.0,0.0,0
SE-DGB300-11860,C,23.4303,0.0,0.0,0
SE-DGB300-11863,C,13.7834,0.0,0.0,0
SE-DGB300-11865,C,14.1298,0.0,0.0,0
SE-DGB300-12044,C,10.9091,0.0,0.0,0
SE-DGB300-13068,C,26.7778,0.0,0.0,0
SE-DGB300-13070,C,134.5889,0.0,0.0,0
SE-DGB300-13071,C,45.2526,0.0,0.0,0
SE-DGB300-13075,C,15.7126,0.0,0.0,0
SE-DGB300-13076,C,8.9994,0.0,0.0,0
SE-DGB300-13077,C,13.4839,0.0,0.0,0
SE-DGB300-13078,C,107.0076,0.0,0.0,0
SE-DGB300-13079,C,81.1278,0.0,0.0,0
SE-DGB300-13080,C,24.3123,0.0,0.0,0
SE-DGB300-13081,C,28.14,0.0,0.0,0
SE-DGB300-13903,C,20.6067,0.0,0.0,0
SE-DGB300-13904,C,24.903,0.0,0.0,0
SE-DGB300-2144,C,25.4285,0.0,0.0,0
SE-DGB300-2145,C,21.7513,0.0,0.0,0
SE-DGB300-3148,C,24.4898,0.0,0.0,0
SE-DGB300-6153,C,8.6563,0.0,0.0,0
SE-DGB300-7066,C,43.5991,0.0,0.0,0
SE-DGB300-7150,C,22.9767,0.0,0.0,0
SE-DGB300-8060,C,15.0874,0.0,0.0,0
SE-DGB300-8061,C,16.9742,0.0,0.0,0
SE-DGB300-9556,C,169.208,0.0,0.0,0
SE-DGB300-9560,C,18.7161,0.0,0.0,0
SE-DGB300-9998,C,42.7132,0.0,0.0,0
SE-DGB301-10288,C,21.39,0.0,0.0,0
SE-DGB301-10289,C,29.0405,0.0,0.0,0
SE-DGB301-10290,C,21.0657,0.0,0.0,0
SE-DGB301-13354,C,18.1184,0.0,0.0,0
SE-DGB301-13355,C,31.2961,0.0,0.0,0
SE-DGB301-13356,C,24.727,0.0,0.0,0
SE-DGB301-6517,C,18.1066,0.0,0.0,0
SE-DGB301-6519,C,14.701,0.0,0.0,0
SE-DGB301-6520,C,17.1372,0.0,0.0,0
SE-DGB301-7908,C,9.5889,0.0,0.0,0
SE-DGB302-0751,C,20.3576,0.0,0.0,0
SE-DGB302-0752,C,31.0774,0.0,0.0,0
SE-DGB302-0753,C,28.2513,0.0,0.0,0
SE-DGB302-0755,C,32.0901,0.0,0.0,0
SE-DGB302-0757,C,10.8364,0.0,0.0,0
SE-DGB302-0763,C,36.0762,0.0,0.0,0
SE-DGB302-10000,C,15.4123,0.0,0.0,0
SE-DGB302-10005,C,10.4793,0.0,0.0,0
SE-DGB302-10121,C,10.5256,0.0,0.0,0
SE-DGB302-10358,C,48.806,0.0,0.0,0
SE-DGB302-11065,C,66.5,0.0,0.0,0
SE-DGB302-1121,C,20.4615,0.0,0.0,0
SE-DGB302-11607,C,29.4368,0.0,0.0,0
SE-DGB302-11618,C,27.74,0.0,0.0,0
SE-DGB302-11619,C,24.6159,0.0,0.0,0
SE-DGB302-11626,C,27.1653,0.0,0.0,0
SE-DGB302-11702,C,34.5336,0.0,0.0,0
SE-DGB302-11703,C,28.9098,0.0,0.0,0
SE-DGB302-11704,C,81.1684,0.0,0.0,0
SE-DGB302-11705,C,41.5131,0.0,0.0,0
SE-DGB302-11706,C,51.2226,0.0,0.0,0
SE-DGB302-11707,C,38.7006,0.0,0.0,0
SE-DGB302-11708,C,48.4367,0.0,0.0,0
SE-DGB302-11831,C,102.5678,0.0,0.0,0
SE-DGB302-11832,C,122.374,1.1,2066.2426,2200
SE-DGB302-11833,C,63.5282,0.0,0.0,0
SE-DGB302-11858,C,44.5136,0.0,0.0,0
SE-DGB302-12673,B,1391.2355,1.07,22679.964,24175
SE-DGB302-12674,B,1043.7257,0.46,11293.105,11770
SE-DGB302-12675,B,939.7175,1.21,16899.1619,18034
SE-DGB302-12676,B,905.0992,1.21,16357.3608,17456
SE-DGB302-12678,C,168.7357,0.56,2055.9293,2150
SE-DGB302-12687,B,1148.2705,1.44,23047.8018,24701
SE-DGB302-13086,C,23.9835,0.0,0.0,0
SE-DGB302-13182,C,202.1966,0.0,0.0,0
SE-DGB302-13183,C,232.927,0.0,0.0,0
SE-DGB302-13184,C,215.3335,0.0,0.0,0
SE-DGB302-13185,C,218.2827,0.0,0.0,0
SE-DGB302-13186,C,245.197,0.0,0.0,0
SE-DGB302-13512,C,501.9276,0.0,0.0,0
SE-DGB302-13558,C,1826.237,0.86,26657.0435,28231
SE-DGB302-13559,C,1195.774,0.87,17628.7268,18665
SE-DGB302-13560,C,1390.8508,0.82,20485.3573,21620
SE-DGB302-13613,C,407.2707,0.0,0.0,0
SE-DGB302-13614,C,1546.2672,0.0,0.0,0
SE-DGB302-13615,C,127.5413,0.0,0.0,0
SE-DGB302-13689,C,36.5501,0.0,0.0,0
SE-DGB302-13691,C,79.6042,0.0,0.0,0
SE-DGB302-13692,C,78.4497,0.0,0.0,0
SE-DGB302-13697,C,153.8499,0.0,0.0,0
SE-DGB302-13698,C,122.7192,0.0,0.0,0
SE-DGB302-13955,C,1252.9176,0.0,0.0,0
SE-DGB302-13956,C,742.6022,0.0,0.0,0
SE-DGB302-13957,C,382.205,0.0,0.0,0
SE-DGB302-13958,C,523.9292,0.0,0.0,0
SE-DGB302-14012,C,1632.1828,0.0,0.0,0
SE-DGB302-2843,C,16.2647,0.0,0.0,0
SE-DGB302-2845,C,16.3425,0.0,0.0,0
SE-DGB302-2870,C,19.2592,0.0,0.0,0
SE-DGB302-4497,C,14.5392,0.0,0.0,0
SE-DGB302-8107,C,66.0,0.0,0.0,0
SE-DGB302-8608,C,49.889,0.0,0.0,0
SE-DGB302-8686,C,17.0359,0.0,0.0,0
SE-DGB302-9113,C,8.0853,0.0,0.0,0
SE-DGB302-9748,C,16.8966,0.0,0.0,0
SE-DGB302-9906,C,60.7306,0.0,0.0,0
SE-DGB302-9907,C,107.1451,0.0,0.0,0
SE-DGB302-9978,C,5.16,0.0,0.0,0
SE-DGB302-9981,C,12.0009,0.0,0.0,0
SE-DGB303-0485,B,155.7168,0.89,1254.0985,1393
SE-DGB303-10307,C,41.4004,0.0,0.0,0
SE-DGB303-10308,C,46.4963,0.0,0.0,0
SE-DGB303-10309,C,41.9947,0.0,0.0,0
SE-DGB303-10320,C,25.2184,0.0,0.0,0
SE-DGB303-10361,C,26.2659,0.0,0.0,0
SE-DGB303-10362,C,15.8263,0.0,0.0,0
SE-DGB303-10363,C,24.5139,0.0,0.0,0
SE-DGB303-1051,C,28.9337,0.0,0.0,0
SE-DGB303-10589,C,29.4683,0.0,0.0,0
SE-DGB303-10710,C,15.8414,0.0,0.0,0
SE-DGB303-10711,C,28.9161,0.0,0.0,0
SE-DGB303-10712,C,23.5404,0.0,0.0,0
SE-DGB303-10713,C,19.0549,0.0,0.0,0
SE-DGB303-10714,C,17.7952,0.0,0.0,0
SE-DGB303-10715,C,59.3257,0.0,0.0,0
SE-DGB303-11140,C,39.7078,0.0,0.0,0
SE-DGB303-11145,C,93.1667,0.0,0.0,0
SE-DGB303-11256,C,16.405,0.0,0.0,0
SE-DGB303-11258,C,24.1826,0.0,0.0,0
SE-DGB303-11259,C,41.719,0.0,0.0,0
SE-DGB303-11344,C,206.1438,0.78,2812.3498,2972
SE-DGB303-11346,C,158.5349,0.69,1948.6526,2058
SE-DGB303-11347,C,191.1017,0.76,2571.043,2717
SE-DGB303-11367,C,25.6944,0.0,0.0,0
SE-DGB303-11665,C,123.7415,0.0,0.0,0
SE-DGB303-11666,C,267.0421,0.0,0.0,0
SE-DGB303-11821,C,27.2523,0.0,0.0,0
SE-DGB303-11822,C,45.0687,0.0,0.0,0
SE-DGB303-11859,C,23.17,0.0,0.0,0
SE-DGB303-11892,C,27.6482,0.0,0.0,0
SE-DGB303-11904,C,31.1881,0.0,0.0,0
SE-DGB303-11905,C,38.3724,0.0,0.0,0
SE-DGB303-12194,C,35.7735,0.0,0.0,0
SE-DGB303-12395,C,16.1935,0.0,0.0,0
SE-DGB303-12396,C,131.2183,1.03,1695.1414,1830
SE-DGB303-12445,C,17.466,0.0,0.0,0
SE-DGB303-12781,C,18.2204,0.0,0.0,0
SE-DGB303-12783,C,19.6161,0.0,0.0,0
SE-DGB303-12785,C,24.6724,0.0,0.0,0
SE-DGB303-12846,C,43.1556,0.0,0.0,0
SE-DGB303-12847,C,12.2767,0.0,0.0,0
SE-DGB303-13298,C,16.1002,0.0,0.0,0
SE-DGB303-13664,C,15.3308,0.0,0.0,0
SE-DGB303-13665,C,15.1156,0.0,0.0,0
SE-DGB303-13666,C,8.7419,0.0,0.0,0
SE-DGB303-13677,C,26.9686,0.0,0.0,0
SE-DGB303-13858,C,65.9692,0.0,0.0,0
SE-DGB303-13859,C,12.0607,0.0,0.0,0
SE-DGB303-2128,A,705.5281,0.93,5671.0475,6328
SE-DGB303-2862,C,179.276,0.58,2152.5936,2257
SE-DGB303-2900,C,100.2493,0.0,0.0,0
SE-DGB303-3104,C,158.4675,0.66,1958.3166,2063
SE-DGB303-3155,C,20.2034,0.0,0.0,0
SE-DGB303-3156,C,17.1077,0.0,0.0,0
SE-DGB303-3454,B,156.6876,0.93,1268.7993,1413
SE-DGB303-3456,C,92.8084,0.75,704.3598,774
SE-DGB303-3658,C,207.1401,0.76,2764.6888,2921
SE-DGB303-4007,B,141.243,0.88,1139.5092,1264
SE-DGB303-4008,B,188.1743,0.84,1439.9839,1598
SE-DGB303-4082,C,14.7057,0.0,0.0,0
SE-DGB303-4134,B,235.4758,0.41,1557.3952,1653
SE-DGB303-4135,C,137.7681,0.21,729.6889,758
SE-DGB303-4719,B,60.5717,0.84,455.1805,505
SE-DGB303-4720,B,51.6401,0.76,380.5569,419
SE-DGB303-4721,C,48.2566,0.8,371.8893,410
SE-DGB303-4780,A,474.8402,0.86,3715.7174,4124
SE-DGB303-5102,C,20.4703,0.0,0.0,0
SE-DGB303-7255,C,10.5943,0.0,0.0,0
SE-DGB303-8494,B,269.304,0.89,3067.8344,3306
SE-DGB303-9582,C,26.1585,0.0,0.0,0
SE-DGB303-9749,C,9.6003,0.0,0.0,0
SE-DGB303-9750,C,18.9599,0.0,0.0,0
SE-DGB303-9753,C,13.0308,0.0,0.0,0
SE-DGB303-9809,C,91.9087,0.0,0.0,0
SE-DGB303-9908,C,15.8006,0.0,0.0,0
SE-DGB304-0473,A,40.0153,0.89,349.7284,385
SE-DGB304-10056,C,13.5496,0.0,0.0,0
SE-DGB304-1053,C,19.2421,0.0,0.0,0
SE-DGB304-11074,C,40.6713,0.0,0.0,0
SE-DGB304-11141,C,33.5961,0.0,0.0,0
SE-DGB304-11368,C,30.56,0.0,0.0,0
SE-DGB304-12083,C,19.1358,0.0,0.0,0
SE-DGB304-1249,C,17.4793,0.0,0.0,0
SE-DGB304-12538,C,251.3333,0.0,0.0,0
SE-DGB304-12539,C,146.0,0.0,0.0,0
SE-DGB304-12540,C,18.5931,0.0,0.0,0
SE-DGB304-12583,C,86.1333,0.0,0.0,0
SE-DGB304-12585,C,46.8879,0.0,0.0,0
SE-DGB304-12727,C,141.46,1.45,2779.5806,2985
SE-DGB304-12868,C,36.9858,0.0,0.0,0
SE-DGB304-12869,C,31.5261,0.0,0.0,0
SE-DGB304-13059,C,22.973,0.0,0.0,0
SE-DGB304-13061,C,20.3678,0.0,0.0,0
SE-DGB304-13063,C,81.7116,0.0,0.0,0
SE-DGB304-13065,C,32.6457,0.0,0.0,0
SE-DGB304-13849,C,27.5161,0.0,0.0,0
SE-DGB304-1874,C,15.2859,0.0,0.0,0
SE-DGB304-2126,A,617.747,0.89,4892.1668,5441
SE-DGB304-2127,B,159.7348,0.85,1286.3686,1421
SE-DGB304-2350,C,15.7437,0.0,0.0,0
SE-DGB304-2920,C,74.7267,0.0,0.0,0
SE-DGB304-3595,C,9.6328,0.0,0.0,0
SE-DGB304-3596,C,11.7597,0.0,0.0,0
SE-DGB304-5513,C,43.3664,0.0,0.0,0
SE-DGB304-8370,C,48.5371,0.0,0.0,0
SE-DGB304-9777,A,122.2127,0.68,1309.408,1393
SE-DGB305-0719,C,11.7829,0.0,0.0,0
SE-DGB305-11376,C,13.5634,0.0,0.0,0
SE-DGB305-1254,C,27.6872,0.0,0.0,0
SE-DGB305-1255,C,35.7771,0.0,0.0,0
SE-DGB305-1523,C,15.4074,0.0,0.0,0
SE-DGB305-1524,C,14.1622,0.0,0.0,0
SE-DGB305-2924,C,13.2858,0.0,0.0,0
SE-DGB305-4114,C,12.5288,0.0,0.0,0
SE-DGB305-9987,C,17.3015,0.0,0.0,0
SE-DGB305-9988,C,13.151,0.0,0.0,0
SE-DGB306-10329,C,20.1273,0.0,0.0,0
SE-DGB306-10330,C,14.0678,0.0,0.0,0
SE-DGB306-10331,C,14.5951,0.0,0.0,0
SE-DGB306-10634,C,27.1451,0.0,0.0,0
SE-DGB306-10635,C,31.1693,0.0,0.0,0
SE-DGB306-10636,C,24.5378,0.0,0.0,0
SE-DGB306-10637,C,27.7141,0.0,0.0,0
SE-DGB306-10638,C,30.6976,0.0,0.0,0
SE-DGB306-11207,C,16.4497,0.0,0.0,0
SE-DGB306-11620,C,62.2778,0.0,0.0,0
SE-DGB306-11621,C,49.2873,0.0,0.0,0
SE-DGB306-11622,C,123.1651,0.0,0.0,0
SE-DGB306-11623,C,71.8478,0.0,0.0,0
SE-DGB306-11624,C,60.6183,0.0,0.0,0
SE-DGB306-11625,C,61.9752,0.0,0.0,0
SE-DGB306-13686,C,95.4607,0.0,0.0,0
SE-DGB306-13687,C,82.0249,0.0,0.0,0
SE-DGB306-13688,C,101.8124,0.0,0.0,0
SE-DGB306-2697,C,13.6279,0.0,0.0,0
SE-DGB306-4512,C,21.6135,0.0,0.0,0
SE-DGB306-4513,C,26.9606,0.0,0.0,0
SE-DGB306-4514,C,24.647,0.0,0.0,0
SE-DGB306-4515,C,34.4331,0.0,0.0,0
SE-DGB306-4516,C,27.3,0.0,0.0,0
SE-DGB306-4606,C,12.7984,0.0,0.0,0
SE-DGB306-4608,C,13.1331,0.0,0.0,0
SE-DGB308-12452,C,35.7224,0.0,0.0,0
SE-DGB309-10264,C,22.1717,0.0,0.0,0
SE-DGB309-10265,C,43.2477,0.0,0.0,0
SE-DGB309-10266,C,18.5901,0.0,0.0,0
SE-DGB309-10267,C,33.2132,0.0,0.0,0
SE-DGB309-10268,C,55.6211,0.46,564.9977,590
SE-DGB309-10269,C,60.2308,0.0,0.0,0
SE-DGB309-10270,C,38.765,0.0,0.0,0
SE-DGB309-10271,C,40.9366,0.0,0.0,0
SE-DGB309-10272,B,157.8744,0.86,2321.1603,2457
SE-DGB309-10273,B,168.7764,0.75,2351.684,2478
SE-DGB309-10274,C,110.3271,0.8,1530.0565,1617
SE-DGB309-10275,C,95.7938,0.5,986.4746,1034
SE-DGB309-10276,C,8.9556,0.0,0.0,0
SE-DGB309-10277,C,43.9988,0.63,545.3149,573
SE-DGB309-10278,C,66.6298,0.7,845.4435,892
SE-DGB309-10279,C,33.6007,0.0,0.0,0
SE-DGB309-10280,C,28.5187,0.0,0.0,0
SE-DGB309-10341,C,64.9857,0.59,774.784,813
SE-DGB309-10342,C,47.246,0.57,563.8578,590
SE-DGB309-10343,C,44.8807,0.0,0.0,0
SE-DGB309-10344,C,39.1513,0.0,0.0,0
SE-DGB309-10347,C,20.1597,0.0,0.0,0
SE-DGB309-10348,C,31.0872,0.0,0.0,0
SE-DGB309-10349,C,11.0213,0.0,0.0,0
SE-DGB309-10350,C,13.0198,0.0,0.0,0
SE-DGB309-10351,C,10.1668,0.0,0.0,0
SE-DGB309-10352,C,17.0852,0.0,0.0,0
SE-DGB309-10353,C,8.8085,0.0,0.0,0
SE-DGB309-10354,C,8.3855,0.0,0.0,0
SE-DGB309-10355,C,27.6728,0.0,0.0,0
SE-DGB309-10357,C,42.07,0.0,0.0,0
SE-DGB309-11560,C,10.871,0.0,0.0,0
SE-DGB309-11561,C,62.5626,0.0,0.0,0
SE-DGB309-11562,C,14.6108,0.0,0.0,0
SE-DGB309-11644,C,28.9973,0.0,0.0,0
SE-DGB309-11645,C,65.1395,0.0,0.0,0
SE-DGB309-11646,C,36.0329,0.0,0.0,0
SE-DGB309-11647,C,30.0875,0.0,0.0,0
SE-DGB309-11823,C,71.8548,0.0,0.0,0
SE-DGB309-11824,C,67.4073,0.0,0.0,0
SE-DGB309-11825,C,97.2871,0.0,0.0,0
SE-DGB309-11826,C,33.2714,0.0,0.0,0
SE-DGB309-11827,C,53.7618,0.0,0.0,0
SE-DGB309-11828,C,49.7712,0.0,0.0,0
SE-DGB309-11829,C,41.1873,0.0,0.0,0
SE-DGB309-11830,C,33.225,0.0,0.0,0
SE-DGB309-12071,C,30.8992,0.0,0.0,0
SE-DGB309-12075,C,11.6499,0.0,0.0,0
SE-DGB309-12076,C,19.1166,0.0,0.0,0
SE-DGB309-12077,C,18.4863,0.0,0.0,0
SE-DGB309-12078,C,14.1389,0.0,0.0,0
SE-DGB309-12079,C,14.6667,0.0,0.0,0
SE-DGB309-12081,C,19.6896,0.0,0.0,0
SE-DGB309-12121,C,247.27,1.6,5178.459,5574
SE-DGB309-12122,C,130.7659,1.57,2751.4683,2956
SE-DGB309-12123,C,121.5988,1.55,2431.9376,2620
SE-DGB309-12124,C,168.59,1.58,3455.2068,3720
SE-DGB309-12125,C,93.4845,0.0,0.0,0
SE-DGB309-12235,C,100.14,0.0,0.0,0
SE-DGB309-12236,C,93.396,0.0,0.0,0
SE-DGB309-12237,C,62.3386,0.0,0.0,0
SE-DGB309-12238,C,67.5327,0.0,0.0,0
SE-DGB309-12722,C,104.0518,0.0,0.0,0
SE-DGB309-12723,C,59.5477,0.0,0.0,0
SE-DGB309-12725,C,88.0304,0.0,0.0,0
SE-DGB309-12726,C,147.1393,0.0,0.0,0
SE-DGB309-12742,C,23.0327,0.0,0.0,0
SE-DGB309-12744,C,50.1145,0.0,0.0,0
SE-DGB309-12786,C,15.6958,0.0,0.0,0
SE-DGB309-12787,C,11.6388,0.0,0.0,0
SE-DGB309-12788,C,115.8256,0.0,0.0,0
SE-DGB309-12789,C,115.5703,0.0,0.0,0
SE-DGB309-12790,C,81.0306,0.0,0.0,0
SE-DGB309-12791,C,97.145,0.0,0.0,0
SE-DGB309-12792,C,111.4824,0.0,0.0,0
SE-DGB309-12793,C,85.215,0.0,0.0,0
SE-DGB309-12794,C,44.4536,0.0,0.0,0
SE-DGB309-12795,C,69.9339,0.0,0.0,0
SE-DGB309-12796,C,63.8366,0.0,0.0,0
SE-DGB309-12797,C,90.3856,0.0,0.0,0
SE-DGB309-13089,C,20.7622,0.0,0.0,0
SE-DGB309-13109,C,17.3379,0.0,0.0,0
SE-DGB309-13110,C,38.4839,0.0,0.0,0
SE-DGB309-13905,C,16.56,0.0,0.0,0
SE-DGB309-13906,C,14.2966,0.0,0.0,0
SE-DGB309-6095,C,57.8754,0.0,0.0,0
SE-DGB309-6096,C,53.609,0.26,388.339,402
SE-DGB309-7556,C,55.984,0.0,0.0,0
SE-DGB309-7557,C,31.7097,0.0,0.0,0
SE-DGB309-7558,C,27.911,0.0,0.0,0
SE-DGB309-7559,C,28.1711,0.0,0.0,0
SE-DGB349-11601,C,35.7515,0.0,0.0,0
SE-DGB349-11602,C,27.5606,0.0,0.0,0
SE-DGB349-11603,C,14.8052,0.0,0.0,0
SE-DGB349-11604,C,33.8837,0.0,0.0,0
SE-DGB349-11605,C,21.5832,0.0,0.0,0
SE-DGB349-11606,C,23.1516,0.0,0.0,0
SE-DGB349-11699,C,21.1572,0.0,0.0,0
SE-DGB349-11700,C,40.7893,0.0,0.0,0
SE-DGB349-11701,C,33.6335,0.0,0.0,0
SE-DGB349-11709,C,17.188,0.0,0.0,0
SE-DGB349-13289,C,19.4368,0.0,0.0,0
SE-DGB349-13292,C,18.7228,0.0,0.0,0
SE-DGB349-13293,C,16.2845,0.0,0.0,0
SE-DGB349-13294,C,23.6093,0.0,0.0,0
SE-DGB349-3365,C,14.8258,0.0,0.0,0
SE-DGB349-7765,C,18.4569,0.0,0.0,0
SE-DGB349-7766,C,18.8187,0.0,0.0,0
SE-DGB352-13286,C,15.672,0.0,0.0,0
SE-DGB352-13288,C,26.2093,0.0,0.0,0
SE-DGB352-13291,C,22.3803,0.0,0.0,0
SE-FVL353-0648,A,299.7008,0.84,2317.4579,2568
SE-FVL354-7555,C,8.8589,0.0,0.0,0
SE-FVL357-5938,C,11.8716,0.0,0.0,0
SE-FVL357-5950,C,13.1319,0.0,0.0,0
SE-FVL358-0856,C,19.7898,0.0,0.0,0
SE-FVL358-10122,B,7.6012,0.43,47.8727,51
SE-FVL358-12070,C,29.8159,0.0,0.0,0
SE-FVL358-14181,C,3.7778,0.0,0.0,0
SE-FVL358-1547,C,21.1405,0.0,0.0,0
SE-FVL358-1548,C,2.3823,0.0,0.0,0
SE-FVL358-1944,C,27.8694,0.0,0.0,0
SE-FVL358-2098,C,6.492,0.0,0.0,0
SE-FVL358-2139,C,19.629,0.0,0.0,0
SE-FVL358-7737,C,22.6005,0.0,0.0,0
SE-FVL359-0053,C,16.2707,0.0,0.0,0
SE-FVL359-0102,C,4.1072,0.0,0.0,0
SE-FVL359-0647,C,13.0261,0.0,0.0,0
SE-FVL359-12736,C,8.0565,0.0,0.0,0
SE-FVL359-12737,C,8.7981,0.0,0.0,0
SE-FVL359-2136,B,93.4629,0.51,1041.2808,1088
SE-FVL359-9759,C,14.6169,0.0,0.0,0
SE-FVL397-13719,C,0.0,0.0,0.0,0
SE-FVL397-9883,C,120.0,0.0,0.0,0
SE-FVL397-9962,C,4.5,0.0,0.0,0
SE-FVL398-4442,C,6.1667,0.0,0.0,0
SE-FVL399-4279,C,0.0,0.0,0.0,0
SE-FVL399-4280,C,52.0,0.0,0.0,0
SE-FVL399-4902,C,0.0,0.0,0.0,0
SE-HYE400-0240,B,176.8838,0.6,1203.1555,1308
SE-HYE400-0241,C,24.483,0.0,0.0,0
SE-HYE400-0830,C,20.5207,0.0,0.0,0
SE-HYE400-11102,C,31.8874,0.0,0.0,0
SE-HYE401-1217,C,9.4226,0.0,0.0,0
SE-HYE401-5377,C,6.5681,0.0,0.0,0
SE-HYE402-1731,C,7.2285,0.0,0.0,0
SE-HYE402-1832,B,14.3963,0.9,123.0392,136
SE-HYE402-1970,B,147.6217,0.48,1160.7118,1231
SE-HYE402-4950,A,180.4305,1.3,2544.1994,2778
SE-HYE403-10027,A,140.5907,0.19,237.9819,264
SE-HYE403-10897,C,3.8744,0.0,0.0,0
SE-HYE403-11103,A,93.9518,1.56,2060.3114,2207
SE-HYE403-11104,B,32.1349,1.15,613.9194,650
SE-HYE403-1315,A,66.6118,1.29,1030.7134,1116
SE-HYE403-14157,C,44.2766,0.0,0.0,0
SE-HYE403-1525,C,16.2149,0.0,0.0,0
SE-HYE403-1926,B,118.326,0.0,0.0,0
SE-HYE403-1978,A,74.044,0.65,607.1611,655
SE-HYE403-1979,B,55.1082,0.66,490.6149,526
SE-HYE403-1980,A,400.6419,1.02,4797.3352,5206
SE-HYE403-2286,C,11.7091,0.0,0.0,0
SE-HYE403-4153,A,49.6718,0.95,578.9807,626
SE-HYE449-0107,B,54.1973,0.9,432.8264,481
SE-HYE449-0242,C,30.7629,0.0,0.0,0
SE-HYE449-0509,C,20.7535,0.0,0.0,0
SE-HYE449-10281,C,77.6763,0.22,574.4743,591
SE-HYE449-10282,C,149.3647,0.25,1481.4678,1518
SE-HYE449-10990,C,35.818,0.0,0.0,0
SE-HYE449-10997,C,18.1325,0.0,0.0,0
SE-HYE449-11109,C,13.82,0.0,0.0,0
SE-HYE449-12679,C,35.9228,0.0,0.0,0
SE-HYE449-4762,C,17.4812,0.0,0.0,0
SE-HYE449-6877,B,62.8533,0.98,705.5948,767
SE-PAN902-13511,C,17.297,0.0,0.0,0
SE-PDM450-10026,A,7.2771,-0.16,10.7001,9
SE-PDM450-10283,C,6.778,0.0,0.0,0
SE-PDM450-11349,C,10.2165,0.0,0.0,0
SE-PDM450-12016,C,46.5843,0.0,0.0,0
SE-PDM450-12017,C,48.1902,0.0,0.0,0
SE-PDM450-12018,C,37.3172,0.0,0.0,0
SE-PDM450-12019,C,40.2178,0.0,0.0,0
SE-PDM450-12020,C,39.648,0.0,0.0,0
SE-PDM450-12021,C,51.4308,0.0,0.0,0
SE-PDM450-12102,C,14.1007,0.0,0.0,0
SE-PDM450-13035,C,12.9002,0.0,0.0,0
SE-PDM450-13668,C,7.1855,0.0,0.0,0
SE-PDM450-1798,A,45.7617,0.0,0.0,0
SE-PDM450-1799,A,9.0261,-0.69,25.0934,18
SE-PDM450-1909,A,37.9246,-1.28,185.357,136
SE-PDM450-1910,A,168.6903,0.0,0.0,0
SE-PDM450-1912,A,398.2133,-0.46,745.9643,564
SE-PDM450-1913,A,161.5714,-0.47,566.9683,491
SE-PDM450-1914,A,52.0186,-0.45,105.2504,81
SE-PDM450-1915,B,25.7009,-0.4,36.3399,26
SE-PDM450-1916,C,26.8744,0.0,0.0,0
SE-PDM450-2034,C,18.9359,0.0,0.0,0
SE-PDM450-2035,C,4.2066,0.0,0.0,0
SE-PDM450-2037,C,5.4622,0.0,0.0,0
SE-PDM450-2038,C,28.8088,0.38,129.51,140
SE-PDM450-2902,A,8.7699,-0.67,19.9031,14
SE-PDM450-3524,C,9.7557,0.0,0.0,0
SE-PDM450-4086,B,40.0151,1.43,699.5188,756
SE-PDM450-5350,C,3.2906,0.0,0.0,0
SE-PDM450-5475,B,14.5695,1.42,265.5776,286
SE-PDM450-8510,C,1.4585,0.0,0.0,0
SE-PDM450-8631,C,3.0483,0.0,0.0,0
SE-PDM450-8648,C,0.0,0.0,0.0,0
SE-PDM450-8666,B,25.3345,0.0,0.0,0
SE-PDM453-10345,C,7.0687,0.0,0.0,0
SE-PDM453-10346,B,38.6963,-0.59,80.2811,57
SE-PDM457-10612,C,6.573,0.0,0.0,0
SE-PDM457-11392,B,23.0005,0.88,338.3655,358
SE-PDM457-11393,C,7.4569,0.0,0.0,0
SE-PDM457-4671,A,36.5334,1.63,691.5014,750
SE-PDM457-7814,C,6.4521,0.0,0.0,0
SE-SAL500-0842,C,9.6205,0.0,0.0,0
SE-SAL500-0864,B,77.437,1.09,797.5022,882
SE-SAL500-0882,B,81.1919,0.81,721.1262,787
SE-SAL500-0883,C,5.0714,0.0,0.0,0
SE-SAL500-0885,C,51.2281,0.72,455.498,492
SE-SAL500-0887,A,391.5628,1.38,4714.2796,5255
SE-SAL500-0894,C,13.9608,0.0,0.0,0
SE-SAL500-0895,C,136.239,0.57,980.8943,1059
SE-SAL500-0896,C,43.4411,0.89,430.3835,469
SE-SAL500-0897,C,40.2343,0.8,357.2169,389
SE-SAL500-0900,C,44.1942,1.01,454.3147,498
SE-SAL500-0901,C,0.0,0.0,0.0,0
SE-SAL500-0907,B,146.6274,0.43,1086.0622,1148
SE-SAL500-10119,C,35.7355,0.0,0.0,0
SE-SAL500-10328,C,14.1151,0.0,0.0,0
SE-SAL500-10692,C,0.0,0.0,0.0,0
SE-SAL500-3033,A,406.6543,0.68,3241.943,3520
SE-SAL500-3729,C,0.6667,0.0,0.0,0
SE-SAL500-4231,A,87.3376,1.01,802.9128,891
SE-SAL500-4748,B,14.2397,0.83,128.8562,140
SE-SAL500-9963,C,23.292,0.0,0.0,0
SE-SAL501-10882,C,39.8374,0.0,0.0,0
SE-SAL501-11150,C,25.8,0.0,0.0,0
SE-SAL501-4680,C,7.7884,0.0,0.0,0
SE-SAL501-8723,C,51.0188,0.98,963.2017,1013
SE-SAL501-8724,C,47.058,1.03,871.2569,919
SE-SAL502-0780,C,22.9971,0.0,0.0,0
SE-SAL502-0787,B,32.7119,0.56,189.9581,208
SE-SAL502-0788,A,207.696,2.21,4349.0406,4807
SE-SAL502-0793,C,35.1466,0.49,185.0523,202
SE-SAL502-0794,C,7.5136,0.0,0.0,0
SE-SAL502-0795,B,26.5697,0.39,77.0727,87
SE-SAL502-0796,B,21.8692,0.54,121.1328,132
SE-SAL502-0910,A,131.0608,0.94,1315.3162,1438
SE-SAL502-0911,C,13.651,0.0,0.0,0
SE-SAL502-0921,A,84.8137,1.13,950.9766,1046
SE-SAL502-10098,B,62.2527,0.78,916.9484,965
SE-SAL502-10603,C,24.0159,0.0,0.0,0
SE-SAL502-10680,C,6.3636,0.0,0.0,0
SE-SAL502-12537,C,0.0,0.0,0.0,0
SE-SAL502-1313,B,39.8896,0.28,221.3864,232
SE-SAL502-1351,C,38.7788,0.65,480.5563,505
SE-SAL502-1354,C,6.533,0.0,0.0,0
SE-SAL502-1936,A,305.0002,0.71,1204.82,1421
SE-SAL502-1937,B,110.6338,0.78,406.2235,492
SE-SAL502-1938,C,47.4173,-0.06,0.0,0
SE-SAL502-1939,C,19.9456,0.0,0.0,0
SE-SAL502-1940,C,64.0978,0.0,0.0,0
SE-SAL502-2065,C,31.9945,0.0,0.0,0
SE-SAL502-2072,C,7.6423,0.0,0.0,0
SE-SAL502-2073,A,78.4323,1.44,1313.0764,1425
SE-SAL502-2074,C,4.3393,0.0,0.0,0
SE-SAL502-2075,B,71.1375,0.89,804.5126,868
SE-SAL502-2076,C,13.0803,0.0,0.0,0
SE-SAL502-2077,C,2.5758,0.0,0.0,0
SE-SAL502-2079,C,5.3512,0.0,0.0,0
SE-SAL502-2081,C,18.7584,0.0,0.0,0
SE-SAL502-2917,C,39.8959,0.41,183.3611,199
SE-SAL502-3712,C,6.1482,0.0,0.0,0
SE-SAL502-4202,B,2.3835,1.31,30.5258,33
SE-SAL502-4739,C,3.1771,0.0,0.0,0
SE-SAL502-9726,B,80.7995,0.76,772.551,833
SE-SAL502-9731,C,11.34,0.0,0.0,0
SE-SAL502-9834,C,2.1563,0.0,0.0,0
SE-SAL503-0073,C,10.1148,0.0,0.0,0
SE-SAL503-0084,C,10.0631,0.0,0.0,0
SE-SAL503-0711,C,8.2347,0.0,0.0,0
SE-SAL503-0802,C,20.5501,0.0,0.0,0
SE-SAL503-0803,A,50.433,0.65,311.031,344
SE-SAL503-1074,C,9.8604,0.0,0.0,0
SE-SAL503-1075,B,49.3135,1.13,589.5994,645
SE-SAL503-10895,B,14.9458,-0.09,0.0,0
SE-SAL503-1128,C,8.4343,0.0,0.0,0
SE-SAL503-12117,C,17.3373,0.0,0.0,0
SE-SAL503-13415,C,318.5,0.0,0.0,0
SE-SAL503-1934,A,122.1125,-0.08,0.0,0
SE-SAL503-1935,B,137.5614,-0.12,88.4299,71
SE-SAL503-2270,C,5.3372,0.0,0.0,0
SE-SAL503-2271,C,9.7754,0.0,0.0,0
SE-SAL503-3657,C,11.9278,0.0,0.0,0
SE-SAL503-4796,C,7.0876,0.0,0.0,0
SE-SAL503-7077,C,6.8,0.0,0.0,0
SE-SAL503-7750,A,81.6483,-0.14,0.0,0
SE-SAL503-9689,C,7.6315,0.0,0.0,0
SE-SAL503-9729,C,14.4949,0.0,0.0,0
SE-SAL503-9920,C,48.5052,0.0,0.0,0
SE-SAL503-9921,C,9.2087,0.0,0.0,0
SE-SAL504-0002,C,22.8636,0.57,149.0148,162
SE-SAL504-0130,B,36.6085,1.51,839.8334,894
SE-SAL504-0155,A,385.68,1.78,9288.0889,9974
SE-SAL504-0908,C,11.5925,0.0,0.0,0
SE-SAL504-0940,C,41.0821,1.31,855.4968,909
SE-SAL504-0941,B,155.1588,1.68,3771.8097,4032
SE-SAL504-0942,A,86.0736,1.85,2116.1003,2275
SE-SAL504-10293,C,7.6664,0.0,0.0,0
SE-SAL504-10414,C,14.1813,0.0,0.0,0
SE-SAL504-10415,C,20.9889,0.0,0.0,0
SE-SAL504-1316,B,55.4291,0.74,408.5142,449
SE-SAL504-13301,C,22.5454,0.0,0.0,0
SE-SAL504-1861,C,7.2828,0.0,0.0,0
SE-SAL504-2887,B,45.9067,1.02,568.3812,615
SE-SAL504-6135,C,6.9568,0.0,0.0,0
SE-SAL504-7787,B,94.0676,0.73,691.598,760
SE-SAL505-0549,C,17.493,0.0,0.0,0
SE-SAL505-0550,C,26.1195,0.0,0.0,0
SE-SAL505-0552,A,74.3088,0.88,635.5904,700
SE-SAL505-0553,C,20.834,0.0,0.0,0
SE-SAL505-10746,C,21.6992,0.0,0.0,0
SE-SAL505-10747,A,65.268,0.61,1051.2058,1091
SE-SAL505-1399,C,17.7649,0.0,0.0,0
SE-SAL505-2008,C,8.5358,0.0,0.0,0
SE-SAL549-10618,C,0.4,0.0,0.0,0
SE-SAL549-10744,A,942.4422,0.72,16335.3309,17015
SE-SAL549-10745,B,55.5517,0.5,855.6801,883
SE-SAL549-11112,B,294.0874,0.34,3100.472,3201
SE-SAL549-11148,C,179.3877,0.0,0.0,0
SE-SAL549-11491,C,8.6114,0.0,0.0,0
SE-SAL549-11610,C,76.054,0.0,0.0,0
SE-SAL549-11611,C,56.4093,0.0,0.0,0
SE-SAL549-1769,A,205.6945,0.85,1788.0623,1963
SE-SAL549-1770,A,887.81,1.45,11044.4724,12330
SE-SAL549-5474,B,20.2682,0.7,149.4335,163
SE-SAL549-6039,C,675.0,0.0,0.0,0
SE-SAL549-8705,C,3.6723,0.0,0.0,0
SE-SFP400-11961,C,46.9207,0.0,0.0,0
SE-SFP400-11962,C,125.577,0.0,0.0,0
SE-SFP400-11963,C,240.254,0.6,3189.2944,3332
SE-SFP400-11964,C,78.5275,0.0,0.0,0
SE-SFP600-0162,C,140.6878,0.0,0.0,0
SE-SFP600-0195,C,48.9864,0.0,0.0,0
SE-SFP600-0196,C,36.2238,0.0,0.0,0
SE-SFP600-0246,A,231.6376,0.65,2804.7396,2954
SE-SFP600-0247,A,790.6538,0.73,11064.0825,11639
SE-SFP600-10051,C,17.4857,0.0,0.0,0
SE-SFP600-10864,B,139.7488,0.67,1141.5031,1235
SE-SFP600-11627,C,47.4922,0.0,0.0,0
SE-SFP600-8272,C,75.681,0.0,0.0,0
SE-SFP601-0209,C,22.3216,0.0,0.0,0
SE-SFP601-10125,C,26.3662,0.0,0.0,0
SE-SFP601-10126,C,62.2617,0.0,0.0,0
SE-SFP601-10127,C,40.7597,0.26,186.135,196
SE-SFP601-10459,C,21.5919,0.0,0.0,0
SE-SFP601-10591,C,43.8063,0.0,0.0,0
SE-SFP601-11105,C,34.0711,0.0,0.0,0
SE-SFP601-11106,C,35.552,0.0,0.0,0
SE-SFP601-11107,C,86.7837,0.46,956.2685,996
SE-SFP601-11108,C,27.9507,0.0,0.0,0
SE-SFP601-1389,C,39.8712,0.51,248.872,269
SE-SFP601-1805,C,15.7762,0.0,0.0,0
SE-SFP601-1807,C,39.6949,0.0,0.0,0
SE-SFP601-1808,C,50.216,0.0,0.0,0
SE-SFP601-6782,C,111.7572,0.41,607.8697,654
SE-SFP601-6860,C,45.9917,0.0,0.0,0
SE-SFP601-7693,C,18.8443,0.0,0.0,0
SE-SFP601-8090,C,29.9303,0.0,0.0,0
SE-SFP601-9675,C,56.9044,0.58,721.266,754
SE-SFP602-11777,C,324.875,0.0,0.0,0
SE-SFP602-1426,C,12.2855,0.0,0.0,0
SE-SFP602-1864,C,11.8193,0.0,0.0,0
SE-SFP602-1867,C,15.9007,0.0,0.0,0
SE-SFP602-2616,C,56.8675,0.9,620.3787,671
SE-SFP603-0136,C,28.4214,0.0,0.0,0
SE-SFP603-0137,C,25.7841,0.0,0.0,0
SE-SFP603-0138,A,1189.6589,2.65,41410.2903,44557
SE-SFP603-0139,C,133.7682,2.59,4700.1395,5046
SE-SFP603-10657,B,8.4211,0.52,59.6834,64
SE-SFP603-1177,C,12.4451,0.0,0.0,0
SE-SFP603-1178,C,270.8031,0.0,0.0,0
SE-SFP603-13397,C,18.7285,0.0,0.0,0
SE-SFP603-13544,C,85.1948,0.0,0.0,0
SE-SFP603-1425,C,11.9074,0.0,0.0,0
SE-SFP603-1427,C,13.3952,0.0,0.0,0
SE-SFP604-0210,C,27.6663,0.0,0.0,0
SE-SFP604-0541,A,704.5879,0.82,9896.8696,10475
SE-SFP604-11559,B,569.3382,0.6,7023.8823,7365
SE-SFP604-12435,C,11.7895,0.0,0.0,0
SE-SFP604-2007,C,40.6303,0.54,458.4106,480
SE-SFP604-5309,C,54.5107,0.28,521.6485,537
SE-SFP606-0952,C,8.7151,0.0,0.0,0
SE-SFP606-1034,C,17.7656,0.0,0.0,0
SE-SFP606-1035,C,19.431,0.0,0.0,0
SE-SFP606-10381,C,21.5264,0.0,0.0,0
SE-SFP606-10383,C,15.6855,0.0,0.0,0
SE-SFP606-10496,C,9.2095,0.0,0.0,0
SE-SFP606-10624,C,16.5077,0.0,0.0,0
SE-SFP606-10800,C,334.2963,0.65,4701.0616,4920
SE-SFP606-10801,C,279.9543,1.2,5109.1286,5444
SE-SFP606-10802,C,69.7916,0.0,0.0,0
SE-SFP606-10803,C,200.3368,1.08,3591.8065,3807
SE-SFP606-10804,A,2890.8398,2.12,79089.7797,85217
SE-SFP606-11077,C,22.6372,0.0,0.0,0
SE-SFP606-11087,C,27.4886,0.0,0.0,0
SE-SFP606-11088,C,23.9394,0.0,0.0,0
SE-SFP606-11089,C,27.1039,0.0,0.0,0
SE-SFP606-11117,C,35.6667,0.0,0.0,0
SE-SFP606-11139,A,2280.581,2.02,65020.8313,69619
SE-SFP606-11270,C,11.0,0.0,0.0,0
SE-SFP606-11299,B,781.2945,1.25,15407.3083,16385
SE-SFP606-11311,C,143.2374,0.73,1588.0914,1693
SE-SFP606-11312,C,170.2222,0.63,1768.6876,1875
SE-SFP606-11313,C,102.2302,0.73,1122.1986,1196
SE-SFP606-11314,C,60.6867,0.0,0.0,0
SE-SFP606-11315,C,42.1754,0.0,0.0,0
SE-SFP606-11316,C,20.679,0.0,0.0,0
SE-SFP606-11317,C,108.5901,0.7,1141.5819,1217
SE-SFP606-11318,C,133.9525,0.68,1403.1197,1494
SE-SFP606-11319,C,89.8792,0.75,1006.1638,1073
SE-SFP606-11320,C,66.1952,0.0,0.0,0
SE-SFP606-11321,C,71.1241,0.0,0.0,0
SE-SFP606-11366,C,247.7452,1.31,4945.7874,5270
SE-SFP606-11476,C,410.6172,1.17,7631.7935,8113
SE-SFP606-11477,B,777.9993,1.78,18681.0662,20062
SE-SFP606-11478,C,339.163,0.92,5603.1832,5915
SE-SFP606-11479,B,852.6572,1.88,20949.8348,22553
SE-SFP606-1150,C,78.6112,0.0,0.0,0
SE-SFP606-1151,C,18.702,0.0,0.0,0
SE-SFP606-11692,C,7.7375,0.0,0.0,0
SE-SFP606-11693,C,18.6125,0.0,0.0,0
SE-SFP606-11694,C,24.512,0.0,0.0,0
SE-SFP606-11695,C,10.4618,0.0,0.0,0
SE-SFP606-11796,C,16.397,0.0,0.0,0
SE-SFP606-11797,C,61.8569,0.0,0.0,0
SE-SFP606-11798,C,30.8543,0.0,0.0,0
SE-SFP606-11799,C,30.0099,0.0,0.0,0
SE-SFP606-11800,C,73.5881,0.0,0.0,0
SE-SFP606-11801,C,94.0818,0.0,0.0,0
SE-SFP606-11802,C,71.1833,0.0,0.0,0
SE-SFP606-11803,C,81.0466,0.0,0.0,0
SE-SFP606-11804,C,39.4018,0.0,0.0,0
SE-SFP606-11805,C,45.6487,0.0,0.0,0
SE-SFP606-11816,B,725.3483,0.78,9643.5129,10209
SE-SFP606-11817,C,143.9385,0.79,1881.3712,1994
SE-SFP606-11819,C,69.719,0.0,0.0,0
SE-SFP606-11849,C,159.6159,0.0,0.0,0
SE-SFP606-11850,A,887.4238,2.73,28041.344,30465
SE-SFP606-11851,B,620.137,2.12,17571.6634,18887
SE-SFP606-11852,C,200.1839,0.54,2487.868,2596
SE-SFP606-11853,C,143.7551,0.0,0.0,0
SE-SFP606-11854,C,369.306,1.24,7318.6085,7778
SE-SFP606-11855,B,587.3779,2.09,16484.0931,17709
SE-SFP606-11856,C,44.9776,0.0,0.0,0
SE-SFP606-11943,C,24.9682,0.0,0.0,0
SE-SFP606-11944,C,52.2611,0.0,0.0,0
SE-SFP606-11946,C,54.7533,0.0,0.0,0
SE-SFP606-11947,C,41.2125,0.0,0.0,0
SE-SFP606-11990,C,44.0326,0.0,0.0,0
SE-SFP606-11991,C,107.7601,0.8,1280.3151,1366
SE-SFP606-12027,C,48.3301,0.0,0.0,0
SE-SFP606-12028,C,46.4753,0.0,0.0,0
SE-SFP606-12029,C,49.2096,0.0,0.0,0
SE-SFP606-12030,C,67.8821,0.0,0.0,0
SE-SFP606-12031,C,63.4537,0.0,0.0,0
SE-SFP606-12032,C,56.6326,0.0,0.0,0
SE-SFP606-12100,C,177.1533,0.0,0.0,0
SE-SFP606-12134,C,67.2821,0.0,0.0,0
SE-SFP606-12135,C,56.5974,0.0,0.0,0
SE-SFP606-12136,C,16.5514,0.0,0.0,0
SE-SFP606-12138,C,192.9932,0.0,0.0,0
SE-SFP606-12173,C,7.7692,0.0,0.0,0
SE-SFP606-12174,C,11.3862,0.0,0.0,0
SE-SFP606-12258,C,28.3838,0.0,0.0,0
SE-SFP606-1250,C,87.4466,0.74,1130.0646,1195
SE-SFP606-1251,C,111.0022,0.8,1459.2298,1548
SE-SFP606-1258,C,172.9345,0.8,2337.7686,2476
SE-SFP606-12694,C,28.8644,0.0,0.0,0
SE-SFP606-12695,C,28.0504,0.0,0.0,0
SE-SFP606-12696,C,28.692,0.0,0.0,0
SE-SFP606-12697,C,35.6289,0.0,0.0,0
SE-SFP606-12698,C,31.8676,0.0,0.0,0
SE-SFP606-12762,C,28.0,0.0,0.0,0
SE-SFP606-12765,C,6.5,0.0,0.0,0
SE-SFP606-12773,C,39.7618,0.0,0.0,0
SE-SFP606-12774,C,37.7986,0.0,0.0,0
SE-SFP606-12775,C,33.638,0.0,0.0,0
SE-SFP606-12776,C,29.9766,0.0,0.0,0
SE-SFP606-12780,C,21.7054,0.0,0.0,0
SE-SFP606-12972,B,1339.2039,2.11,39961.6982,42787
SE-SFP606-12973,B,541.8832,1.35,13814.5231,14547
SE-SFP606-1301,C,50.8802,0.62,460.2012,491
SE-SFP606-1302,C,31.6382,0.0,0.0,0
SE-SFP606-13031,C,8.4,0.0,0.0,0
SE-SFP606-1304,C,73.0851,0.0,0.0,0
SE-SFP606-13043,C,60.3434,0.0,0.0,0
SE-SFP606-13044,C,262.3223,0.7,3065.6163,3249
SE-SFP606-13276,C,769.9439,1.09,10722.4375,11560
SE-SFP606-13338,C,133.295,0.0,0.0,0
SE-SFP606-13420,C,108.1206,0.0,0.0,0
SE-SFP606-13524,C,83.1328,0.0,0.0,0
SE-SFP606-13557,C,12.6667,0.0,0.0,0
SE-SFP606-13643,C,153.9779,0.0,0.0,0
SE-SFP606-13644,C,109.742,0.0,0.0,0
SE-SFP606-13645,C,120.9463,0.0,0.0,0
SE-SFP606-13646,C,72.0595,0.0,0.0,0
SE-SFP606-13647,C,56.8759,0.0,0.0,0
SE-SFP606-13648,C,80.5865,0.0,0.0,0
SE-SFP606-13699,C,47.4676,0.0,0.0,0
SE-SFP606-13700,C,33.947,0.0,0.0,0
SE-SFP606-13701,C,18.6998,0.0,0.0,0
SE-SFP606-13702,C,26.4927,0.0,0.0,0
SE-SFP606-13842,C,28.9287,0.0,0.0,0
SE-SFP606-13843,C,16.8371,0.0,0.0,0
SE-SFP606-13946,C,232.06,0.0,0.0,0
SE-SFP606-13947,C,98.4933,0.0,0.0,0
SE-SFP606-13948,C,458.9333,0.0,0.0,0
SE-SFP606-13949,C,95.8852,0.0,0.0,0
SE-SFP606-13950,C,220.4445,0.0,0.0,0
SE-SFP606-13951,C,48.9222,0.0,0.0,0
SE-SFP606-13952,C,208.5971,0.0,0.0,0
SE-SFP606-13953,C,43.8613,0.0,0.0,0
SE-SFP606-14052,C,279.0821,0.0,0.0,0
SE-SFP606-14053,C,268.6895,0.0,0.0,0
SE-SFP606-14054,C,404.7566,0.0,0.0,0
SE-SFP606-14055,C,308.3875,0.0,0.0,0
SE-SFP606-14056,C,400.2983,0.0,0.0,0
SE-SFP606-14057,C,421.3134,0.0,0.0,0
SE-SFP606-14079,C,22.9633,0.0,0.0,0
SE-SFP606-1433,C,0.0,0.0,0.0,0
SE-SFP606-1434,C,54.1586,0.39,271.153,292
SE-SFP606-1435,C,51.5329,0.0,0.0,0
SE-SFP606-1437,C,0.0,0.0,0.0,0
SE-SFP606-1438,C,27.6617,0.0,0.0,0
SE-SFP606-1439,C,0.0,0.0,0.0,0
SE-SFP606-2298,C,20.5805,0.0,0.0,0
SE-SFP606-2299,C,24.7894,0.0,0.0,0
SE-SFP606-2311,C,18.8058,0.0,0.0,0
SE-SFP606-3572,C,9.3929,0.0,0.0,0
SE-SFP606-3980,B,106.2033,1.06,1268.6545,1381
SE-SFP606-4105,C,9.1336,0.0,0.0,0
SE-SFP606-4791,C,23.8998,0.0,0.0,0
SE-SFP606-5346,C,11.2273,0.0,0.0,0
SE-SFP606-6097,A,1891.3231,1.82,47026.7018,50462
SE-SFP606-6134,C,30.6864,0.0,0.0,0
SE-SFP606-6299,C,18.3559,0.0,0.0,0
SE-SFP606-6422,C,20.7491,0.0,0.0,0
SE-SFP606-6853,C,15.5313,0.0,0.0,0
SE-SFP606-7122,A,1673.4985,1.9,41768.4449,44940
SE-SFP606-7132,C,15.8,0.0,0.0,0
SE-SFP606-7149,C,45.8923,0.0,0.0,0
SE-SFP606-7151,A,4842.4973,2.38,139007.2695,150527
SE-SFP606-7228,C,16.0682,0.0,0.0,0
SE-SFP606-7229,C,10.7406,0.0,0.0,0
SE-SFP606-7235,C,263.1806,1.01,5365.4422,5631
SE-SFP606-7236,C,267.0388,0.78,4638.9212,4847
SE-SFP606-7759,B,330.1731,0.74,4933.9369,5179
SE-SFP606-7912,C,12.8957,0.0,0.0,0
SE-SFP606-7913,C,9.9236,0.0,0.0,0
SE-SFP606-8018,A,4547.7885,2.38,130416.3685,141240
SE-SFP606-8421,C,12.588,0.0,0.0,0
SE-SFP606-8534,C,15.1683,0.0,0.0,0
SE-SFP606-8545,C,1412.2564,0.0,0.0,0
SE-SFP606-8567,C,36.3059,0.0,0.0,0
SE-SFP606-8568,C,37.5916,0.0,0.0,0
SE-SFP606-8569,C,28.273,0.0,0.0,0
SE-SFP606-8615,C,22.2548,0.0,0.0,0
SE-SFP606-8786,C,9.4332,0.0,0.0,0
SE-SFP606-9591,C,14.2722,0.0,0.0,0
SE-SFP606-9700,C,10.4689,0.0,0.0,0
SE-SFP606-9754,C,13.7455,0.0,0.0,0
SE-SFP606-9760,C,9.476,0.0,0.0,0
SE-SFP606-9812,C,73.7695,0.75,763.4317,818
SE-SFP606-9838,C,126.3582,1.14,1519.3078,1662
SE-SFP606-9839,C,139.4628,1.12,1681.1953,1836
SE-SFP606-9840,C,144.5297,1.09,1707.8589,1864
SE-SFP606-9841,C,86.8459,1.05,1003.5512,1094
SE-SFP606-9861,C,420.0239,0.65,5727.1785,6000
SE-SFP606-9862,C,240.03,0.53,2888.4776,3016
SE-SFP606-9863,C,34.8236,0.0,0.0,0
SE-SFP606-9874,C,27.1474,0.0,0.0,0
SE-SFP606-9882,C,17.2096,0.0,0.0,0
SE-SFP606-9938,C,12.3432,0.0,0.0,0
SE-SFP649-0035,C,30.3959,0.75,233.5069,256
SE-SPF606-10038,C,9.8267,0.0,0.0,0
SE-SPF606-10039,C,13.7546,0.0,0.0,0
SE-SPF606-10040,C,15.2967,0.0,0.0,0
SE-SYE550-0170,C,9.2824,0.0,0.0,0
SE-SYE550-0606,C,10.7922,0.0,0.0,0
SE-SYE550-0607,C,8.6059,0.0,0.0,0
SE-SYE550-0608,C,17.4259,0.0,0.0,0
SE-SYE550-0609,C,6.8638,0.0,0.0,0
SE-SYE550-0936,C,6.7844,0.0,0.0,0
SE-SYE550-0938,C,21.0625,0.0,0.0,0
SE-SYE550-0939,C,4.2291,0.0,0.0,0
SE-SYE550-10389,C,7.7073,0.0,0.0,0
SE-SYE550-11342,C,100.6449,0.0,0.0,0
SE-SYE550-1445,C,7.2106,0.0,0.0,0
SE-SYE550-1447,B,17.7547,1.09,219.9963,239
SE-SYE550-6371,C,7.2198,0.0,0.0,0
SE-SYE550-6373,C,13.8021,0.0,0.0,0
SE-SYE550-6374,C,20.4699,0.0,0.0,0
SE-SYE550-6375,C,20.0803,0.0,0.0,0
SE-SYE550-7725,C,8.4805,0.0,0.0,0
SE-SYE552-1788,C,3.5885,0.0,0.0,0
SE-SYE553-1486,B,18.1749,0.53,117.7665,127
SE-SYE553-1932,B,61.3175,0.0,0.0,0
SE-SYE553-7849,C,9.7269,0.0,0.0,0
SE-SYE554-10099,C,7.4542,0.0,0.0,0
SE-SYE554-11689,C,19.0028,0.0,0.0,0
SE-SYE554-2960,C,7.5316,0.0,0.0,0
SE-SYE554-2961,C,15.1559,0.0,0.0,0
SE-SYE555-1339,C,18.87,0.0,0.0,0
SE-SYE555-4443,C,6.1295,0.0,0.0,0
SE-SYE555-4776,C,8.8155,0.0,0.0,0
SE-SYE555-8459,C,19.8567,0.55,123.9466,134
SE-SYE556-0036,C,5.1099,0.0,0.0,0
SE-SYE556-0037,C,4.6483,0.0,0.0,0
SE-SYE556-11838,C,43.2293,0.0,0.0,0
SE-SYE556-12424,C,18.3904,0.0,0.0,0
SE-SYE558-0022,C,27.1496,0.0,0.0,0
SE-SYE558-0470,A,38.6897,0.67,286.3222,312
SE-SYE558-0597,C,9.4737,0.0,0.0,0
SE-SYE558-0610,C,12.2823,0.0,0.0,0
SE-SYE558-0660,C,8.2365,0.0,0.0,0
SE-SYE558-0666,C,12.3639,0.0,0.0,0
SE-SYE558-0667,C,21.1258,0.0,0.0,0
SE-SYE558-10441,C,72.4118,0.0,0.0,0
SE-SYE558-10450,C,10.6053,0.0,0.0,0
SE-SYE558-10619,C,0.0,0.0,0.0,0
SE-SYE558-1082,C,5.5002,0.0,0.0,0
SE-SYE558-10865,C,103.3117,0.0,0.0,0
SE-SYE558-1108,C,11.0003,0.0,0.0,0
SE-SYE558-11114,C,7.5692,0.0,0.0,0
SE-SYE558-1127,C,6.9477,0.0,0.0,0
SE-SYE558-1197,C,7.227,0.0,0.0,0
SE-SYE558-12574,C,15.8703,0.0,0.0,0
SE-SYE558-12577,C,2.6667,0.0,0.0,0
SE-SYE558-12581,C,18.786,0.0,0.0,0
SE-SYE558-1386,A,292.7954,0.96,3768.9755,4050
SE-SYE558-1455,C,22.9336,0.0,0.0,0
SE-SYE558-1456,C,21.9571,0.0,0.0,0
SE-SYE558-1462,C,17.0923,0.0,0.0,0
SE-SYE558-1543,B,32.78,0.33,298.0511,308
SE-SYE558-1883,C,9.0714,0.0,0.0,0
SE-SYE558-1884,B,36.2974,-0.0,0.0,0
SE-SYE558-1885,C,30.6466,0.0,0.0,0
SE-SYE558-1895,C,10.6594,0.0,0.0,0
SE-SYE558-1942,C,13.7945,0.0,0.0,0
SE-SYE558-1943,C,44.2203,-0.0,0.0,0
SE-SYE558-1991,C,7.0981,0.0,0.0,0
SE-SYE558-2012,C,11.1332,0.0,0.0,0
SE-SYE558-2086,C,4.8925,0.0,0.0,0
SE-SYE558-3340,C,37.8088,0.0,0.0,0
SE-SYE558-3351,C,9.8969,0.0,0.0,0
SE-SYE558-3445,C,27.5646,0.0,0.0,0
SE-SYE558-3446,C,24.2224,0.0,0.0,0
SE-SYE558-3520,C,9.0496,0.0,0.0,0
SE-SYE558-3966,C,13.8627,0.0,0.0,0
SE-SYE558-3974,C,10.0,0.0,0.0,0
SE-SYE558-3975,C,15.0,0.0,0.0,0
SE-SYE558-4037,C,9.3297,0.0,0.0,0
SE-SYE558-4048,C,24.5445,1.12,323.3908,350
SE-SYE558-4049,A,43.2212,1.28,583.7829,639
SE-SYE558-4094,C,4.6253,0.0,0.0,0
SE-SYE558-4405,B,17.2456,1.33,234.2851,257
SE-SYE558-4406,C,15.234,1.33,202.3917,222
SE-SYE558-4407,A,94.919,1.33,1303.9575,1430
SE-SYE558-4694,C,35.8333,0.0,0.0,0
SE-SYE558-6182,C,5.4589,0.0,0.0,0
SE-SYE558-6392,A,128.8646,0.19,262.3317,286
SE-SYE558-6751,C,4.6105,0.0,0.0,0
SE-SYE558-7662,C,7.4425,0.0,0.0,0
SE-SYE558-8034,C,40.8,0.0,0.0,0
SE-SYE558-8688,B,98.2234,0.94,1264.1294,1356
SE-SYE558-9324,C,10.5299,0.0,0.0,0
SE-SYE558-9326,C,7.9835,0.0,0.0,0
SE-SYE558-9720,C,25.0036,0.0,0.0,0
SE-SYE558-9807,C,8.9352,0.0,0.0,0
SE-SYE558-9811,B,30.82,0.74,241.2398,264
SE-SYE558-9886,C,5.7491,0.0,0.0,0
SE-SYE558-9956,C,24.9634,0.0,0.0,0
SE-SYE559-10616,C,20.9397,0.0,0.0,0
SE-SYE559-1079,C,12.1368,0.0,0.0,0
SE-SYE559-1081,C,9.2034,0.0,0.0,0
SE-SYE559-1485,C,2.5419,0.0,0.0,0
SE-SYE559-1801,B,13.8076,0.63,93.8073,102
SE-SYE559-1803,A,35.7289,0.71,284.6674,309
SE-SYE559-1905,A,83.9321,0.0,0.0,0
SE-SYE559-7848,C,7.6273,0.0,0.0,0
SE-SYE560-7754,C,14.8536,0.0,0.0,0
SE-SYE599-0018,B,13.1672,0.2,23.8618,26
SE-SYE599-0024,B,152.0255,0.14,223.1665,243
SE-SYE599-0916,C,31.4191,0.0,0.0,0
SE-SYE599-10088,C,4.9533,0.0,0.0,0
SE-SYE599-10284,C,4.1274,0.0,0.0,0
SE-SYE599-10319,C,3.3836,0.0,0.0,0
SE-SYE599-10384,C,1.8929,0.0,0.0,0
SE-SYE599-1084,C,80.4226,1.23,1012.4868,1111
SE-SYE599-1085,A,95.1485,1.4,1285.8611,1418
SE-SYE599-1086,C,34.5841,1.17,415.0844,455
SE-SYE599-1087,C,63.0234,1.06,751.289,818
SE-SYE599-1088,C,38.4357,1.11,458.8052,501
SE-SYE599-1089,A,44.6288,1.59,653.8386,724
SE-SYE599-1090,C,3.3439,0.0,0.0,0
SE-SYE599-10940,B,6.9837,0.23,14.7923,16
SE-SYE599-1130,C,3.7054,0.0,0.0,0
SE-SYE599-1131,B,8.5427,1.33,112.3472,123
SE-SYE599-1132,B,9.0704,1.46,125.01,138
SE-SYE599-13046,C,146.2178,1.39,2132.9638,2335
SE-SYE599-1772,C,14.9803,0.0,0.0,0
SE-SYE599-2023,A,670.8251,1.25,8205.8746,9047
SE-SYE599-2941,C,36.899,0.0,0.0,0
SE-SYE599-2942,C,9.537,0.0,0.0,0
SE-SYE599-2947,B,71.2182,0.91,724.1115,788
SE-SYE599-2962,B,31.8919,0.69,231.4943,253
SE-SYE599-4823,C,13.0031,0.0,0.0,0
SE-SYE599-5231,B,44.3831,0.0,0.0,0
SE-SYE599-5250,C,3.3119,0.0,0.0,0
SE-SYE599-5251,C,23.0735,0.0,0.0,0
SE-SYE599-6765,B,97.2011,0.86,920.1543,1003
SE-SYE599-6807,C,29.8055,0.0,0.0,0
SE-SYE599-7640,C,5.2474,0.0,0.0,0
SE-SYE599-9725,C,10.9909,0.0,0.0,0
SE-SYE599-9952,C,5.7898,0.0,0.0,0
SE-TE160-11920,C,17.7207,0.0,0.0,0
SE-TE160-11921,C,4.5572,0.0,0.0,0
SE-TE650-0201,C,15.0864,0.0,0.0,0
SE-TE650-10656,C,9.9808,0.0,0.0,0
SE-TE650-1950,C,18.6351,0.0,0.0,0
SE-TE650-8463,A,80.6693,0.95,748.3772,824
SE-TE651-10923,B,15.825,0.88,232.4823,246
SE-TE651-12409,C,5.6208,0.0,0.0,0
SE-TE651-13473,C,1.75,0.0,0.0,0
SE-TE651-2830,C,2.8634,0.0,0.0,0
SE-TE651-5675,C,3.0036,0.0,0.0,0
SE-TE652-6195,C,11.0955,0.0,0.0,0
SE-TE652-8465,C,15.4506,0.43,118.5358,125
SE-TE653-0004,C,24.6,0.0,0.0,0
SE-TE653-0202,C,8.3389,0.0,0.0,0
SE-TE653-1952,C,10.9858,0.0,0.0,0
SE-TE653-8464,B,44.5167,0.78,385.4595,419
SE-TE654-2047,C,10.68,0.0,0.0,0
SE-TE654-2806,C,11.1618,0.0,0.0,0
SE-TE699-10452,C,8.6562,0.0,0.0,0
SE-TQO702-1111,B,421.6156,0.66,3418.1575,3696
SE-TQO702-1113,A,1010.0014,0.69,8415.0037,9116
SE-TQO702-1122,C,58.6822,0.0,0.0,0
SE-TQO702-11594,C,16.6265,0.0,0.0,0
SE-TQO702-12624,C,89.0247,0.0,0.0,0
SE-TQO702-12625,B,866.2236,0.89,9762.5125,10530
SE-TQO702-12626,A,1775.4826,0.83,18510.3131,19986
SE-TQO702-13896,C,69.5923,0.0,0.0,0
SE-TYE750-10385,C,21.959,0.0,0.0,0
SE-TYE750-10386,B,87.2437,0.48,705.4011,747
SE-TYE750-10433,C,24.6773,0.0,0.0,0
SE-TYE750-10517,C,15.7607,0.0,0.0,0
SE-TYE750-12768,C,23.4715,0.0,0.0,0
SE-TYE750-12769,C,103.3037,0.0,0.0,0
SE-TYE750-12770,C,20.8616,0.0,0.0,0
SE-TYE750-12771,C,102.7681,0.0,0.0,0
SE-TYE750-1320,C,17.3666,0.0,0.0,0
SE-TYE750-1845,C,12.8174,0.0,0.0,0
SE-TYE750-1846,C,10.8847,0.0,0.0,0
SE-TYE750-9965,B,79.5528,0.43,617.4512,651
SE-TYE754-1097,B,33.509,0.86,290.3424,319
SE-TYE754-1098,B,22.6374,0.86,197.1194,216
SE-TYE754-1099,A,85.4678,0.89,767.3613,843
SE-TYE754-1100,C,16.6498,0.0,0.0,0
SE-UTE803-11985,C,0.5,0.0,0.0,0
SE-UTE803-11988,C,0.5,0.0,0.0,0
SE-UTE899-2369,C,12.1088,0.0,0.0,0
SE-UTE899-2370,C,5.5573,0.0,0.0,0
SE-UTE899-9735,C,7.7028,0.0,0.0,0
