Fecha,Demanda_Forecast,Lower_Bound,Upper_Bound,ID_Producto,Confidence
2026-04-02,12881.222707886101,-8317.633614838362,34719.69256799123,SE-SFP606-7151,high
2026-04-03,11167.702076498497,-13062.333895517011,32870.809408035966,SE-SFP606-7151,high
2026-04-04,14161.554845462208,-8998.495503758291,35517.41473334035,SE-SFP606-7151,high
2026-04-05,10705.112282247586,-11281.034100758552,31592.764232669564,SE-SFP606-7151,high
2026-04-06,7416.456624723925,-13428.950905363668,29710.691850579602,SE-SFP606-7151,high
2026-04-07,11341.094461975943,-11892.931913280365,32083.713232153274,SE-SFP606-7151,high
2026-04-08,11501.112096767065,-10711.725288981204,32569.395919048005,SE-SFP606-7151,high
2026-04-09,12186.60898478738,-9956.767006077662,34874.31659751422,SE-SFP606-7151,high
2026-04-10,10433.074573554313,-11061.975425751483,30065.15912851243,SE-SFP606-7151,high
2026-04-11,13407.573893201217,-6576.355253589566,35290.823314650195,SE-SFP606-7151,high
2026-04-12,9954.133402055653,-9339.865486648023,31669.65925394061,SE-SFP606-7151,high
2026-04-13,6692.004870043264,-12945.546266634483,28249.847901600227,SE-SFP606-7151,high
2026-04-14,10667.277421763381,-10365.293563895886,29996.922229482745,SE-SFP606-7151,high
2026-04-15,10901.98623873321,-11853.750737971648,30525.21761280583,SE-SFP606-7151,high
2026-04-16,11685.51608062905,-9049.689108134435,32804.96897473561,SE-SFP606-7151,high
2026-04-17,10051.966556971076,-10945.924824641099,30141.855909842776,SE-SFP606-7151,high
2026-04-18,13166.345589284636,-7704.826574729933,34153.63009425376,SE-SFP606-7151,high
2026-04-19,9869.983086206925,-12510.911174514642,30610.64173199799,SE-SFP606-7151,high
2026-04-20,6778.842532969765,-14682.339489688635,27728.362012193284,SE-SFP606-7151,high
2026-04-21,10935.199922914504,-10557.419240647525,32709.190064971193,SE-SFP606-7151,high
2026-04-22,11356.83722588225,-10293.6932049655,32384.83080261023,SE-SFP606-7151,high
2026-04-23,12328.546666300248,-8159.394941555997,32508.322483363245,SE-SFP606-7151,high
2026-04-24,10879.610312195817,-11162.271920531897,32317.22358314248,SE-SFP606-7151,high
2026-04-25,14170.118504910559,-8658.71310520767,33983.192867134276,SE-SFP606-7151,high
2026-04-26,11036.515836386265,-11062.494179425688,31515.76136791308,SE-SFP606-7151,high
2026-04-27,8090.048746385866,-11931.86149682589,28415.5405043797,SE-SFP606-7151,high
2026-04-28,12368.580324835246,-7077.215319661152,33547.63027957907,SE-SFP606-7151,high
2026-04-29,12885.91557083548,-9019.102036188526,33699.91007943268,SE-SFP606-7151,high
2026-04-30,13923.42945062986,-6592.202359999158,36168.29515385448,SE-SFP606-7151,high
2026-05-01,12507.658457000276,-10216.672094217602,34035.31810537416,SE-SFP606-7151,high
2026-04-02,11590.120979101968,-7969.672197788087,33526.60979544441,SE-SFP606-8018,high
2026-04-03,12584.47375131219,-7962.907871072327,34235.44232742432,SE-SFP606-8018,high
2026-04-04,12398.973452269373,-7739.072211780788,33093.05404986509,SE-SFP606-8018,high
2026-04-05,9763.64146398707,-11139.211970738359,28716.0728120374,SE-SFP606-8018,high
2026-04-06,6972.143610917183,-12968.82521126411,29062.012266658967,SE-SFP606-8018,high
2026-04-07,11906.524799465416,-8120.473625058912,33634.48982009696,SE-SFP606-8018,high
2026-04-08,12287.654823352812,-8886.299322567756,32579.74874007118,SE-SFP606-8018,high
2026-04-09,11247.502973974995,-11008.603449982604,32039.180137284326,SE-SFP606-8018,high
2026-04-10,12324.235584062566,-10597.142624547243,33605.834269870174,SE-SFP606-8018,high
2026-04-11,12219.781894706786,-8011.977027102703,33642.94383359529,SE-SFP606-8018,high
2026-04-12,9661.401531061936,-11475.75889483111,31764.72093746041,SE-SFP606-8018,high
2026-04-13,6940.220721769228,-14759.6702622867,27280.654133061173,SE-SFP606-8018,high
2026-04-14,11936.034766675753,-8704.582341984806,30745.67650164892,SE-SFP606-8018,high
2026-04-15,12367.812920345426,-9772.483024311918,33661.88659240566,SE-SFP606-8018,high
2026-04-16,11366.02192914271,-9325.876051079991,32000.35558815081,SE-SFP606-8018,high
2026-04-17,12467.761217778583,-7532.044867668528,33878.32840978818,SE-SFP606-8018,high
2026-04-18,12374.354276835582,-7924.11760981541,31605.202968989597,SE-SFP606-8018,high
2026-04-19,9812.929009815654,-10611.430369134345,29216.282992779972,SE-SFP606-8018,high
2026-04-20,7074.953968546955,-13933.442470615859,27201.730822909783,SE-SFP606-8018,high
2026-04-21,12041.028099932782,-8884.006255721522,33457.754218635855,SE-SFP606-8018,high
2026-04-22,12431.360605653139,-6950.510330571378,32372.66420464149,SE-SFP606-8018,high
2026-04-23,11378.057892327855,-8623.025315862902,31087.000698855343,SE-SFP606-8018,high
2026-04-24,12420.211629095516,-7675.799022257678,33215.62481754374,SE-SFP606-8018,high
2026-04-25,12261.433741887384,-9022.60770325378,32229.522128446526,SE-SFP606-8018,high
2026-04-26,9631.37260158639,-9882.67301466965,30628.2728648434,SE-SFP606-8018,high
2026-04-27,6824.179017862042,-13445.079932700004,27458.930200830004,SE-SFP606-8018,high
2026-04-28,11723.221484174246,-9119.195840344952,33747.58393475709,SE-SFP606-8018,high
2026-04-29,12051.489193626925,-8743.107104283947,33512.17055037084,SE-SFP606-8018,high
2026-04-30,10943.801767587061,-9332.129098523987,30024.047684460573,SE-SFP606-8018,high
2026-05-01,11941.821677270378,-10144.433057520673,33137.61134826558,SE-SFP606-8018,high
2026-04-02,5155.048795965762,-8368.415191153605,18897.515401988705,SE-SFP606-10804,high
2026-04-03,6953.031187277988,-6906.977546672218,20740.339824991894,SE-SFP606-10804,high
2026-04-04,6829.126221167635,-6576.416013247525,20543.429457203954,SE-SFP606-10804,high
2026-04-05,5373.107137742246,-8341.660644019583,18731.79637224774,SE-SFP606-10804,high
2026-04-06,3627.0491303363015,-10249.088066303468,16987.167820409286,SE-SFP606-10804,high
2026-04-07,6194.682707535476,-7783.4675522886355,19183.771506449346,SE-SFP606-10804,high
2026-04-08,6396.283760014531,-7473.581452575066,20348.685221907792,SE-SFP606-10804,high
2026-04-09,6555.640319587423,-7535.756380048582,19676.996748674013,SE-SFP606-10804,high
2026-04-10,8295.323682694778,-4896.945835571041,21705.949687322383,SE-SFP606-10804,high
2026-04-11,8077.6487754156515,-5122.977078888029,21566.981429019997,SE-SFP606-10804,high
2026-04-12,6495.194022904703,-6624.319157588928,20842.42474763622,SE-SFP606-10804,high
2026-04-13,4593.7311901202165,-9128.90182977783,17395.07660415909,SE-SFP606-10804,high
2026-04-14,6981.4674535695785,-6378.1180905868805,20224.748324770553,SE-SFP606-10804,high
2026-04-15,6983.802535031967,-6907.362757813659,20524.044580585625,SE-SFP606-10804,high
2026-04-16,6930.14486171141,-6573.7355960828345,20802.297384081932,SE-SFP606-10804,high
2026-04-17,8449.018893413897,-5247.761914069876,23110.003872980404,SE-SFP606-10804,high
2026-04-18,8008.853320915292,-5031.998061486332,21493.74750154578,SE-SFP606-10804,high
2026-04-19,6208.325441855456,-7209.735707637916,19900.07966292259,SE-SFP606-10804,high
2026-04-20,4099.117291953876,-8781.725205251068,17286.59257387176,SE-SFP606-10804,high
2026-04-21,6294.990821376971,-7303.05636442993,20087.66421100825,SE-SFP606-10804,high
2026-04-22,6126.3897481605745,-7142.805373802056,18967.217735171052,SE-SFP606-10804,high
2026-04-23,5927.116487598881,-7535.384959929226,20050.75855457435,SE-SFP606-10804,high
2026-04-24,7329.32023652385,-6546.245760502785,20419.466849772074,SE-SFP606-10804,high
2026-04-25,6804.189247396801,-7737.621612867974,20512.557722983354,SE-SFP606-10804,high
2026-04-26,4952.225226090205,-9001.29483572581,18068.25868363867,SE-SFP606-10804,high
2026-04-27,2825.957283209195,-10047.189782352982,17245.204858889505,SE-SFP606-10804,high
2026-04-28,5039.0037537396065,-9056.72513898125,17126.30185249141,SE-SFP606-10804,high
2026-04-29,4920.689690076965,-8935.257309203334,18317.652293362746,SE-SFP606-10804,high
2026-04-30,4802.767747244943,-8481.697695466835,18105.124147231552,SE-SFP606-10804,high
2026-05-01,6314.477030872841,-7749.229243176614,18908.461717474416,SE-SFP606-10804,high
2026-04-02,4118.91073489068,-3596.2591604152813,11893.695764742699,CO-PDM458-9766,high
2026-04-03,4336.83212800671,-2902.871864649763,11378.506796522943,CO-PDM458-9766,high
2026-04-04,4544.2195359429525,-3060.681079091521,12224.260774958535,CO-PDM458-9766,high
2026-04-05,3715.193563307005,-3466.5378673255937,11025.129083680475,CO-PDM458-9766,high
2026-04-06,1946.3891331178327,-5357.6396201409125,9366.928090717918,CO-PDM458-9766,high
2026-04-07,4430.181439634978,-2850.4163215761287,11440.4399204954,CO-PDM458-9766,high
2026-04-08,4541.380817531986,-2848.004363800838,11931.471255930837,CO-PDM458-9766,high
2026-04-09,4256.590820402637,-3815.495198569993,11442.02009260366,CO-PDM458-9766,high
2026-04-10,4367.161140347075,-2954.070450568961,11427.062110332605,CO-PDM458-9766,high
2026-04-11,4467.30308903632,-3028.481206062543,11416.061483664482,CO-PDM458-9766,high
2026-04-12,3533.6776858060116,-4359.327979772839,11201.094910933569,CO-PDM458-9766,high
2026-04-13,1665.4058850823303,-4845.158563008916,8912.123279920923,CO-PDM458-9766,high
2026-04-14,4057.2299763021615,-3449.391045258013,11279.711099406604,CO-PDM458-9766,high
2026-04-15,4086.146603742459,-3482.9762194073296,11246.015756436158,CO-PDM458-9766,high
2026-04-16,3730.7073858593344,-3602.2542977658914,10645.04554212077,CO-PDM458-9766,high
2026-04-17,3783.9203425881315,-3641.8880227689633,11184.750922708597,CO-PDM458-9766,high
2026-04-18,3841.321273369708,-3492.855575133903,11785.85126591439,CO-PDM458-9766,high
2026-04-19,2880.5263596075974,-4496.298896477284,11124.24257969519,CO-PDM458-9766,high
2026-04-20,1001.2165221564512,-6336.664290729243,8271.019122865466,CO-PDM458-9766,high
2026-04-21,3398.2833081086674,-3681.9374528187955,10452.95573736926,CO-PDM458-9766,high
2026-04-22,3448.4572149748356,-4290.703920270248,10655.911884990874,CO-PDM458-9766,high
2026-04-23,3129.6146000557233,-4336.868010228147,10262.95361826892,CO-PDM458-9766,high
2026-04-24,3233.696251886831,-3974.8836111097326,10775.618606057282,CO-PDM458-9766,high
2026-04-25,3354.806339068625,-3935.5561850103622,10424.248675306195,CO-PDM458-9766,high
2026-04-26,2468.802296726489,-5001.460781436521,9551.028248852499,CO-PDM458-9766,high
2026-04-27,673.3252015862836,-7282.104412536146,7943.415444622043,CO-PDM458-9766,high
2026-04-28,3160.999189447242,-3676.953683124329,10534.787165986705,CO-PDM458-9766,high
2026-04-29,3306.119395877472,-4108.7309325551905,10958.871819822627,CO-PDM458-9766,high
2026-04-30,3084.022971996572,-4091.465602509142,10619.264892865733,CO-PDM458-9766,high
2026-05-01,3284.0745318170575,-4102.322798981675,10847.987007725062,CO-PDM458-9766,high
2026-04-02,5297.965022839297,-6668.454974670335,15602.531975088441,SE-SFP606-11139,high
2026-04-03,5169.408708635637,-6045.373668471087,16778.712681146324,SE-SFP606-11139,high
2026-04-04,5887.086843329773,-5549.549964555907,18021.281025322718,SE-SFP606-11139,high
2026-04-05,5077.659581873838,-6587.835743983323,16617.2448208338,SE-SFP606-11139,high
2026-04-06,3685.2413092059473,-7932.297931758591,15632.059173740145,SE-SFP606-11139,high
2026-04-07,5437.096186376862,-6632.104276561937,17485.953133204282,SE-SFP606-11139,high
2026-04-08,6674.86171330849,-4735.981850986049,18696.543145505755,SE-SFP606-11139,high
2026-04-09,6268.068610963157,-5503.773329745065,18098.124607887083,SE-SFP606-11139,high
2026-04-10,6096.359718913984,-5459.172149144199,17400.018221219438,SE-SFP606-11139,high
2026-04-11,6753.144621842754,-5172.402641622247,18395.46139615188,SE-SFP606-11139,high
2026-04-12,5865.998694748448,-6147.598265004609,17296.764704190853,SE-SFP606-11139,high
2026-04-13,4380.330610129505,-7304.26088395711,16603.619718676957,SE-SFP606-11139,high
2026-04-14,6025.053853357214,-5230.770540420801,18164.590952577884,SE-SFP606-11139,high
2026-04-15,7143.777205098361,-4680.068096391925,18602.60305756408,SE-SFP606-11139,high
2026-04-16,6608.283286538163,-4496.255634145432,17312.94601784986,SE-SFP606-11139,high
2026-04-17,6300.698882714036,-6181.821840827923,18733.141807930388,SE-SFP606-11139,high
2026-04-18,6817.094974587737,-4321.757415103016,17442.491202111036,SE-SFP606-11139,high
2026-04-19,5787.826550548775,-5961.001105733556,17296.192760758506,SE-SFP606-11139,high
2026-04-20,4161.13774630772,-7873.479634577179,16020.146715915807,SE-SFP606-11139,high
2026-04-21,5668.769448475843,-5887.205763202328,17588.586625848897,SE-SFP606-11139,high
2026-04-22,6657.0859478346665,-4380.967284127509,17928.398382901218,SE-SFP606-11139,high
2026-04-23,6000.49135927056,-5138.640332043976,16752.655853383865,SE-SFP606-11139,high
2026-04-24,5583.541093084181,-6173.301703864816,17266.619638033815,SE-SFP606-11139,high
2026-04-25,6004.487783659529,-5454.144774337703,17750.296183949562,SE-SFP606-11139,high
2026-04-26,4895.5730868901865,-6833.35747483176,16320.645096760485,SE-SFP606-11139,high
2026-04-27,3206.592065756192,-7874.341817445456,15347.700582645693,SE-SFP606-11139,high
2026-04-28,4670.468268222485,-7289.792599489819,15862.590300149175,SE-SFP606-11139,high
2026-04-29,5634.356826343677,-5920.619800420915,17856.331500475622,SE-SFP606-11139,high
2026-04-30,4973.046791763502,-7362.413757142308,16929.1496567836,SE-SFP606-11139,high
2026-05-01,4571.068234938883,-6658.8727007478865,15715.35982259824,SE-SFP606-11139,high
2026-04-02,3104.066519207462,-5967.666907170391,12773.58951821471,SE-SFP606-6097,high
2026-04-03,4255.945248713225,-4532.914676328499,12753.431075770144,SE-SFP606-6097,high
2026-04-04,3740.1835586864077,-5207.585242773898,13027.56960360429,SE-SFP606-6097,high
2026-04-05,2983.2982999875985,-5851.697470577301,12395.576244784654,SE-SFP606-6097,high
2026-04-06,2278.665202884001,-5908.330468146073,11229.896548477594,SE-SFP606-6097,high
2026-04-07,4626.470338898787,-4545.449754067765,13124.876512593051,SE-SFP606-6097,high
2026-04-08,4973.737807547752,-4100.064781640213,13586.343197413451,SE-SFP606-6097,high
2026-04-09,3871.364146399162,-4708.583163984115,12770.20052963566,SE-SFP606-6097,high
2026-04-10,5018.181511613691,-3906.0882112039903,14431.223050925413,SE-SFP606-6097,high
2026-04-11,4482.995021877539,-4451.536394470179,12873.171571511111,SE-SFP606-6097,high
2026-04-12,3693.4586304658224,-5511.134354827499,13104.562027779291,SE-SFP606-6097,high
2026-04-13,2944.3751085146987,-6635.156076729521,12436.829870458789,SE-SFP606-6097,high
2026-04-14,5237.597670924226,-3732.532872244219,14429.850440753477,SE-SFP606-6097,high
2026-04-15,5522.002314825802,-3175.475801619344,14539.939352204025,SE-SFP606-6097,high
2026-04-16,4350.463096287956,-5249.955537880469,12514.986758385605,SE-SFP606-6097,high
2026-04-17,5423.854202752585,-3883.230139275782,14817.545224707836,SE-SFP606-6097,high
2026-04-18,4813.026053492933,-3546.14460981371,14097.719208074157,SE-SFP606-6097,high
2026-04-19,3947.6216066028815,-5374.756706312718,13166.401531335488,SE-SFP606-6097,high
2026-04-20,3124.3201901878174,-6208.950241441885,12351.690434493661,SE-SFP606-6097,high
2026-04-21,5346.6879949381555,-3947.1713681159954,14344.520808796671,SE-SFP606-6097,high
2026-04-22,5565.105727735874,-3564.806940182137,14512.90201030972,SE-SFP606-6097,high
2026-04-23,4333.706866540248,-4681.609179506705,12720.46364566356,SE-SFP606-6097,high
2026-04-24,5354.3513384837925,-3613.233124324508,14049.72717538959,SE-SFP606-6097,high
2026-04-25,4698.582543127613,-4317.2200661900615,14403.442815801254,SE-SFP606-6097,high
2026-04-26,3796.434295788179,-4972.492695430269,12697.988846320768,SE-SFP606-6097,high
2026-04-27,2944.675104145543,-5799.349274040893,11855.354606827412,SE-SFP606-6097,high
2026-04-28,5146.668709761564,-3403.288585432311,14475.549136830445,SE-SFP606-6097,high
2026-04-29,5352.320897690896,-3108.3480559539566,14799.800710276235,SE-SFP606-6097,high
2026-04-30,4115.04524490433,-5516.01694072278,12710.50829477751,SE-SFP606-6097,high
2026-05-01,5135.771613384011,-3756.912997842307,14945.410833976879,SE-SFP606-6097,high
2026-04-02,5529.088767147359,-1387.4361693612568,12161.001204266475,SE-TQO702-12626,high
2026-04-03,4791.622411111383,-2346.7286915723257,12067.977112651739,SE-TQO702-12626,high
2026-04-04,5092.581917988352,-1745.9680427124645,11865.769463668094,SE-TQO702-12626,high
2026-04-05,4050.4128014475455,-2589.3610073195555,10726.340692797496,SE-TQO702-12626,high
2026-04-06,3114.167585830342,-3291.123090100402,10073.075207457563,SE-TQO702-12626,high
2026-04-07,4673.804442086126,-2051.3488307525763,11077.326171339164,SE-TQO702-12626,high
2026-04-08,4386.872443281773,-2414.9981514274805,10884.165922234342,SE-TQO702-12626,high
2026-04-09,5935.421048030086,-704.1899502146597,12712.616511124215,SE-TQO702-12626,high
2026-04-10,5010.949605317517,-1954.4518740349072,12954.442037314398,SE-TQO702-12626,high
2026-04-11,5118.744801234727,-1808.1578192626828,12633.90297273236,SE-TQO702-12626,high
2026-04-12,3880.809252375523,-3672.7562001375613,10726.747250071792,SE-TQO702-12626,high
2026-04-13,2749.7800297657727,-3832.960286794376,9042.816796093113,SE-TQO702-12626,high
2026-04-14,4119.145944749421,-2786.4948098771947,10953.096363598894,SE-TQO702-12626,high
2026-04-15,3649.8536056632756,-2777.0418773919973,10938.135664109222,SE-TQO702-12626,high
2026-04-16,5027.14182204889,-1753.359538818295,11530.264476594353,SE-TQO702-12626,high
2026-04-17,3945.421994655975,-2638.597862888812,11075.000968761407,SE-TQO702-12626,high
2026-04-18,3912.5540841215075,-2769.359146104209,10632.910800764255,SE-TQO702-12626,high
2026-04-19,2552.7228205582464,-4534.29156396455,9444.98016527616,SE-TQO702-12626,high
2026-04-20,1320.3141426667155,-5806.120091422081,8571.77842578904,SE-TQO702-12626,high
2026-04-21,2610.1016210487933,-4306.037005127138,9546.554068171465,SE-TQO702-12626,high
2026-04-22,2083.833492901221,-4767.953019837832,9328.745377809015,SE-TQO702-12626,high
2026-04-23,3427.0601861764108,-3189.3888498833994,10726.290200605772,SE-TQO702-12626,high
2026-04-24,2334.0199497071367,-4435.731620198806,9478.29688117068,SE-TQO702-12626,high
2026-04-25,2311.931842231502,-4305.666744523308,9206.826375169489,SE-TQO702-12626,high
2026-04-26,983.900096580407,-5614.295597281309,7873.514120238496,SE-TQO702-12626,high
2026-04-27,-197.17108303982855,-6815.838299919017,6954.982688982572,SE-TQO702-12626,high
2026-04-28,1161.6562766960078,-5956.399685775862,7724.9936244008495,SE-TQO702-12626,high
2026-04-29,719.9959355242127,-6119.434513254011,7540.181795882348,SE-TQO702-12626,high
2026-04-30,2161.025966030284,-4828.394674017895,8623.551946296911,SE-TQO702-12626,high
2026-05-01,1176.439682866793,-5528.031703431329,8287.561402959802,SE-TQO702-12626,high
2026-04-02,3550.0709030874764,-4755.710990922432,11899.473156784243,SE-SFP606-7122,high
2026-04-03,3392.935322822895,-5356.141719629255,11999.86145876974,SE-SFP606-7122,high
2026-04-04,3914.167144040215,-5451.731810496436,12586.543449094315,SE-SFP606-7122,high
2026-04-05,2852.422344624965,-6214.646434595026,11471.661217541076,SE-SFP606-7122,high
2026-04-06,2072.233294074762,-7323.774373784537,10733.7257848098,SE-SFP606-7122,high
2026-04-07,3268.19310664703,-6360.709918037857,12125.306753201918,SE-SFP606-7122,high
2026-04-08,4201.875170365686,-4741.193643729829,13462.86887906118,SE-SFP606-7122,high
2026-04-09,3788.832878151405,-5381.362695657486,12240.78948166647,SE-SFP606-7122,high
2026-04-10,3646.79334385838,-4925.698094747117,12517.003989772133,SE-SFP606-7122,high
2026-04-11,4174.972214588859,-4787.210867986479,12622.97890411687,SE-SFP606-7122,high
2026-04-12,3111.861644846654,-5714.216402891692,11700.935496800164,SE-SFP606-7122,high
2026-04-13,2322.044572381943,-6506.003424097191,11353.848759144475,SE-SFP606-7122,high
2026-04-14,3500.3745479624176,-5422.734863189747,12341.900768980156,SE-SFP606-7122,high
2026-04-15,4408.8855772816805,-4591.707483726207,13742.640847092453,SE-SFP606-7122,high
2026-04-16,3963.7773678744115,-4610.1799876958985,13162.16947285982,SE-SFP606-7122,high
2026-04-17,3783.5902450541885,-4728.605287596842,13016.626648073492,SE-SFP606-7122,high
2026-04-18,4268.4974283887195,-4576.320994815288,12630.03726127017,SE-SFP606-7122,high
2026-04-19,3158.0673954270605,-5287.785145798183,12645.921586446368,SE-SFP606-7122,high
2026-04-20,2318.050194946697,-6436.674712172379,11378.064112857732,SE-SFP606-7122,high
2026-04-21,3444.527725137258,-6032.950997283966,12410.011805704926,SE-SFP606-7122,high
2026-04-22,4300.793217002523,-5247.10555533632,13249.872165844126,SE-SFP606-7122,high
2026-04-23,3804.306096363648,-4377.097884581028,13325.076324450354,SE-SFP606-7122,high
2026-04-24,3574.837245986541,-4386.859664455949,12879.35642234866,SE-SFP606-7122,high
2026-04-25,4013.7330751216223,-4152.988303657103,12896.34040912615,SE-SFP606-7122,high
2026-04-26,2861.6517791475467,-5150.41063000182,11790.341492944755,SE-SFP606-7122,high
2026-04-27,1985.3262324776304,-7406.394301410068,10481.362406371536,SE-SFP606-7122,high
2026-04-28,3081.6940227601526,-5605.752855146236,12393.446419560085,SE-SFP606-7122,high
2026-04-29,3914.760261080671,-4886.3282761821165,12533.780546583357,SE-SFP606-7122,high
2026-04-30,3402.539630424365,-5704.839086152839,12431.769006961895,SE-SFP606-7122,high
2026-05-01,3165.192873348064,-5291.617172063873,11843.633455271658,SE-SFP606-7122,high
2026-04-02,1932.8361667040824,-3037.273858856257,6786.235896478606,CO-FVL356-6031,high
2026-04-03,2065.316811446457,-3089.114261107692,7208.599710928028,CO-FVL356-6031,high
2026-04-04,1843.6509779751316,-3340.125742012612,6978.8869320202075,CO-FVL356-6031,high
2026-04-05,1369.0333400952804,-3732.891377384354,6613.353936386878,CO-FVL356-6031,high
2026-04-06,416.93371683152145,-4437.1429870831635,5153.687100966784,CO-FVL356-6031,high
2026-04-07,1824.730513169181,-3287.594617526308,7025.012602056821,CO-FVL356-6031,high
2026-04-08,1779.4704242140947,-3449.8647572061086,6923.000290154701,CO-FVL356-6031,high
2026-04-09,1936.0562700999035,-2909.014285477108,7095.953835349684,CO-FVL356-6031,high
2026-04-10,2065.974638320412,-2816.5338458961496,7534.850425568486,CO-FVL356-6031,high
2026-04-11,1844.136450001227,-3346.6390001924383,7026.374873381894,CO-FVL356-6031,high
2026-04-12,1371.8110876769629,-3570.04476641591,6288.521851302421,CO-FVL356-6031,high
2026-04-13,424.4752744313564,-4219.784739844074,5186.999340977625,CO-FVL356-6031,high
2026-04-14,1839.4452093349971,-3119.4225076162347,6857.581300857123,CO-FVL356-6031,high
2026-04-15,1803.636835765648,-3230.8550440124513,6902.658088033349,CO-FVL356-6031,high
2026-04-16,1971.756122418487,-2962.3679374043636,7140.654647312569,CO-FVL356-6031,high
2026-04-17,2115.0309926416116,-2832.8599475005117,7742.59700040967,CO-FVL356-6031,high
2026-04-18,1908.0579244254964,-2960.279609304004,6413.161316006079,CO-FVL356-6031,high
2026-04-19,1451.7437135689213,-3624.253423632725,6264.155670343503,CO-FVL356-6031,high
2026-04-20,521.1633970793621,-4440.794787684041,5463.385427588451,CO-FVL356-6031,high
2026-04-21,1953.202607030265,-2753.9117626628577,7182.904217631404,CO-FVL356-6031,high
2026-04-22,1934.32896013651,-2989.729801593761,7189.823093530319,CO-FVL356-6031,high
2026-04-23,2118.794063434202,-2857.413711868811,7585.410577319771,CO-FVL356-6031,high
2026-04-24,2277.3774515935884,-2760.960091518663,7192.174342398568,CO-FVL356-6031,high
2026-04-25,2084.2451472119064,-2973.4276487874704,7319.2048886691855,CO-FVL356-6031,high
2026-04-26,1639.9030035846533,-3158.9678789867776,7117.39968518968,CO-FVL356-6031,high
2026-04-27,719.0655021284837,-4017.8258446571467,5885.52090374161,CO-FVL356-6031,high
2026-04-28,2158.307966781777,-2948.390343548035,7301.182163522499,CO-FVL356-6031,high
2026-04-29,2143.846519320407,-2831.999389314654,7457.9437713873795,CO-FVL356-6031,high
2026-04-30,2329.7471090901145,-2974.6752910505647,7243.510617529937,CO-FVL356-6031,high
2026-05-01,2486.674727988723,-2479.5196599029828,7337.884049145301,CO-FVL356-6031,high
2026-04-02,1962.9986882761366,-2235.64595774561,6577.333256941819,SE-BEB154-0543,high
2026-04-03,1663.2764570493325,-2553.029213926203,5785.616013279967,SE-BEB154-0543,high
2026-04-04,2081.753994603181,-1961.4270054955593,6256.339283082346,SE-BEB154-0543,high
2026-04-05,1276.976655108485,-2725.8350617369315,5444.671067587165,SE-BEB154-0543,high
2026-04-06,689.3948079521529,-3594.842869325298,4824.9713709108555,SE-BEB154-0543,high
2026-04-07,1714.239643110546,-2161.384090271345,5860.253542043456,SE-BEB154-0543,high
2026-04-08,1902.4323738630824,-2228.1424432864674,6194.935150393902,SE-BEB154-0543,high
2026-04-09,2135.1295571814444,-1893.7260269212402,6292.001662923925,SE-BEB154-0543,high
2026-04-10,1835.629656845235,-2168.3408041079656,5983.533518528595,SE-BEB154-0543,high
2026-04-11,2250.7325935591757,-1820.3509792199075,6431.621462244611,SE-BEB154-0543,high
2026-04-12,1438.9622058834682,-2797.5850492960353,5543.309407295915,SE-BEB154-0543,high
2026-04-13,840.8291049322659,-3439.846644257572,4954.391061313883,SE-BEB154-0543,high
2026-04-14,1851.706321951128,-2527.365501621115,5976.82748988513,SE-BEB154-0543,high
2026-04-15,2022.7364331639196,-2247.244329678739,5991.070565380768,SE-BEB154-0543,high
2026-04-16,2235.3729283658945,-2039.6832750084898,6457.302405607076,SE-BEB154-0543,high
2026-04-17,1913.281039193871,-2050.178460916526,6083.221254108889,SE-BEB154-0543,high
2026-04-18,2303.689904203855,-1814.7652471882434,6601.454394098871,SE-BEB154-0543,high
2026-04-19,1465.6061661008566,-2624.2959666925726,5986.424230784551,SE-BEB154-0543,high
2026-04-20,840.0666895877944,-3221.1506346156725,4957.298340652612,SE-BEB154-0543,high
2026-04-21,1823.003033746216,-2425.1373122283294,5916.390159852781,SE-BEB154-0543,high
2026-04-22,1966.136620914,-1897.2558953521723,5968.5261713047,SE-BEB154-0543,high
2026-04-23,2151.5076434628036,-1953.2125249116527,5998.487548016109,SE-BEB154-0543,high
2026-04-24,1803.3632092100243,-2186.6986016980127,6031.107169969655,SE-BEB154-0543,high
2026-04-25,2169.496891156115,-2128.466978247713,6371.1902608490245,SE-BEB154-0543,high
2026-04-26,1309.4500620182184,-2753.3689614019877,5717.794403423902,SE-BEB154-0543,high
2026-04-27,664.7529774156797,-3689.1505813256804,5166.6764265831125,SE-BEB154-0543,high
2026-04-28,1631.7785006647498,-2732.2983985004958,5863.603063620225,SE-BEB154-0543,high
2026-04-29,1762.6276484117504,-2407.07699440787,5790.156295396622,SE-BEB154-0543,high
2026-04-30,1939.6502083805055,-2404.004886715575,6025.617657739369,SE-BEB154-0543,high
2026-05-01,1587.3261082088288,-2441.1914375909532,5959.834511855114,SE-BEB154-0543,high
2026-04-02,1055.8525387732059,-3412.936090354843,5541.659624845334,SE-SFP603-0138,high
2026-04-03,1618.5768882130578,-2689.648024535936,5886.730131745376,SE-SFP603-0138,high
2026-04-04,1541.1487897558166,-2968.404094771137,5961.489658816086,SE-SFP603-0138,high
2026-04-05,816.5290251443989,-3395.466504722856,5441.1532387677735,SE-SFP603-0138,high
2026-04-06,302.6752212135253,-3996.584847848515,4664.132432365597,SE-SFP603-0138,high
2026-04-07,1404.5365041458017,-2941.756140524542,5560.008982956003,SE-SFP603-0138,high
2026-04-08,947.9567164532523,-3415.82612103032,5590.1489433418055,SE-SFP603-0138,high
2026-04-09,741.1195869096865,-3562.139835767473,4780.06423733346,SE-SFP603-0138,high
2026-04-10,1289.0421921909463,-3198.2767327916945,5875.158092355738,SE-SFP603-0138,high
2026-04-11,1204.8799864556834,-3008.843619803004,5827.718845705912,SE-SFP603-0138,high
2026-04-12,481.5553911032142,-3969.0669520243464,4854.5941347892485,SE-SFP603-0138,high
2026-04-13,-23.21774359058179,-4258.062865711677,4595.580264826445,SE-SFP603-0138,high
2026-04-14,1095.0692011755796,-3043.379947341442,5285.964831768557,SE-SFP603-0138,high
2026-04-15,661.6366768472765,-3490.627561011973,5312.0345989287825,SE-SFP603-0138,high
2026-04-16,483.880735615665,-3839.959082564694,5154.583977825691,SE-SFP603-0138,high
2026-04-17,1065.8893041730062,-3402.9430316957923,5309.415145331974,SE-SFP603-0138,high
2026-04-18,1019.773591381863,-3165.0730546481545,5221.069760975174,SE-SFP603-0138,high
2026-04-19,337.325881841526,-3945.899341779533,4890.2191268736215,SE-SFP603-0138,high
2026-04-20,-124.92478480077682,-4588.868310530316,4268.283668838458,SE-SFP603-0138,high
2026-04-21,1036.3230972200995,-3089.4510011566967,5555.331443330517,SE-SFP603-0138,high
2026-04-22,645.0932038805875,-3625.9253641347104,5167.351494790509,SE-SFP603-0138,high
2026-04-23,507.627173138677,-4069.4737751783287,4618.91541437248,SE-SFP603-0138,high
2026-04-24,1126.9314249587787,-3539.403531027391,5665.006446598477,SE-SFP603-0138,high
2026-04-25,1114.1368247524015,-3215.4154386685727,5505.487184979949,SE-SFP603-0138,high
2026-04-26,460.18169844612737,-4072.5105017160904,5124.609265077999,SE-SFP603-0138,high
2026-04-27,20.889045069165718,-4543.867300677131,4164.392041596507,SE-SFP603-0138,high
2026-04-28,1199.0195453190481,-3434.105165658012,5916.121038761294,SE-SFP603-0138,high
2026-04-29,818.2339009199311,-3822.418014220566,5060.273769198433,SE-SFP603-0138,high
2026-04-30,684.596304287096,-3783.243123815058,5141.793669504928,SE-SFP603-0138,high
2026-05-01,1301.1238224580911,-2956.2805478920573,5625.248305905821,SE-SFP603-0138,high
2026-04-02,1340.556658287167,-2228.1438417210034,4693.033971078746,CO-PDM458-9767,high
2026-04-03,1483.3234829375356,-1822.8598918926978,5020.953375645833,CO-PDM458-9767,high
2026-04-04,1602.1651667159304,-1935.1077183819496,5118.587005051184,CO-PDM458-9767,high
2026-04-05,940.1534594906009,-2544.277614543731,4292.011873155168,CO-PDM458-9767,high
2026-04-06,336.81249870444367,-3046.9844555778577,3832.3846766753677,CO-PDM458-9767,high
2026-04-07,1559.258732177607,-2235.795040209366,5052.193444796009,CO-PDM458-9767,high
2026-04-08,1320.769443910611,-2383.867506264548,4592.675163511738,CO-PDM458-9767,high
2026-04-09,1316.1223016047359,-2227.170265125463,4824.577056788801,CO-PDM458-9767,high
2026-04-10,1440.6731264078214,-2006.0496056048435,4776.811955125234,CO-PDM458-9767,high
2026-04-11,1543.0242873478228,-2100.0681832759237,4909.360660935695,CO-PDM458-9767,high
2026-04-12,866.8087935663759,-2583.958922911049,4353.802181758776,CO-PDM458-9767,high
2026-04-13,252.0513597051421,-3125.012413686144,3822.277946438315,CO-PDM458-9767,high
2026-04-14,1466.2932309447767,-2124.0736825109957,4922.643360668749,CO-PDM458-9767,high
2026-04-15,1223.1476271039405,-2012.5037155614066,4499.955558550834,CO-PDM458-9767,high
2026-04-16,1217.6286134920956,-2219.142945075741,4657.952665543135,CO-PDM458-9767,high
2026-04-17,1345.2209217878512,-2076.592140238984,4760.731721294786,CO-PDM458-9767,high
2026-04-18,1454.5433701617046,-1988.8993988118373,4602.897001865248,CO-PDM458-9767,high
2026-04-19,789.1311192184737,-2712.6068442401347,4221.160136533593,CO-PDM458-9767,high
2026-04-20,188.79811382209846,-2970.9726609438426,3583.7382063232762,CO-PDM458-9767,high
2026-04-21,1420.7664813197646,-2114.8974949376193,5021.584583955533,CO-PDM458-9767,high
2026-04-22,1198.2296380896953,-2216.6304755118153,4666.132621846112,CO-PDM458-9767,high
2026-04-23,1215.6917167697263,-2129.3814988295553,4579.177573745116,CO-PDM458-9767,high
2026-04-24,1368.0505585353524,-2296.256257580598,4728.740195236615,CO-PDM458-9767,high
2026-04-25,1503.2765655743253,-2053.8487816550464,5029.291790206539,CO-PDM458-9767,high
2026-04-26,864.2122303221267,-2653.9210534581202,4295.010411803302,CO-PDM458-9767,high
2026-04-27,289.95321784855423,-3096.2830249381764,3764.7363827381046,CO-PDM458-9767,high
2026-04-28,1546.9972573392806,-1748.20098219273,4940.107526364644,CO-PDM458-9767,high
2026-04-29,1347.8270541867246,-2135.7076712187018,4878.373500421557,CO-PDM458-9767,high
2026-04-30,1386.2692836425888,-2072.0491588364557,4697.360745211903,CO-PDM458-9767,high
2026-05-01,1556.5963639709535,-1701.6332712521016,5004.982886074421,CO-PDM458-9767,high
2026-04-02,1422.8893104583435,-3651.4223026647905,6403.805956537444,SE-ARR101-0838,high
2026-04-03,1212.4104089199855,-3686.271980410695,6213.944326376531,SE-ARR101-0838,high
2026-04-04,1332.808866267043,-3823.7900266893603,7095.953339751676,SE-ARR101-0838,high
2026-04-05,978.158069710103,-4130.273280630374,6039.680155262696,SE-ARR101-0838,high
2026-04-06,1011.6635436516834,-3960.481998856182,6130.667157654082,SE-ARR101-0838,high
2026-04-07,1354.976862100124,-3979.816956113173,6470.66714837702,SE-ARR101-0838,high
2026-04-08,1423.225457547339,-3433.922362421543,6038.640064410114,SE-ARR101-0838,high
2026-04-09,1280.7038323873046,-3621.8006121089693,6345.924225698587,SE-ARR101-0838,high
2026-04-10,1033.8293732528414,-4116.114156590712,6154.799319097977,SE-ARR101-0838,high
2026-04-11,1122.0795656163195,-3774.521317337768,6595.0835396818475,SE-ARR101-0838,high
2026-04-12,740.4993871772361,-4129.08859402985,5586.144331103954,SE-ARR101-0838,high
2026-04-13,753.109111614478,-4065.872539254353,5481.002986435283,SE-ARR101-0838,high
2026-04-14,1082.1956000624048,-4206.553113151682,6113.444312991757,SE-ARR101-0838,high
2026-04-15,1143.3247074453177,-4106.949902148553,6391.036630835565,SE-ARR101-0838,high
2026-04-16,1001.0207760539698,-4635.839327277166,6129.803420409486,SE-ARR101-0838,high
2026-04-17,761.7167216621656,-4836.870805166422,5571.807465574946,SE-ARR101-0838,high
2026-04-18,864.6916448989267,-4326.771583607551,5810.948145716184,SE-ARR101-0838,high
2026-04-19,504.58470897496136,-4884.4524205370835,5634.315626415928,SE-ARR101-0838,high
2026-04-20,544.8153066654909,-4510.374614368942,5329.403988469909,SE-ARR101-0838,high
2026-04-21,906.8922204429714,-4082.431205341067,6174.184831649439,SE-ARR101-0838,high
2026-04-22,1005.4488754851952,-4036.099264641465,5884.389676170061,SE-ARR101-0838,high
2026-04-23,903.9499921943453,-4141.641553632011,6263.591280410602,SE-ARR101-0838,high
2026-04-24,707.6723582940259,-4771.333249090206,5778.654969045991,SE-ARR101-0838,high
2026-04-25,854.6757712816514,-4270.382881723671,5726.982657088839,SE-ARR101-0838,high
2026-04-26,538.3519387235418,-4675.889802366876,5828.194972241097,SE-ARR101-0838,high
2026-04-27,620.8803611882456,-4500.605312849116,5791.541227076368,SE-ARR101-0838,high
2026-04-28,1022.5728874180187,-4441.987167536859,6330.1577674201435,SE-ARR101-0838,high
2026-04-29,1156.9430397217686,-3945.739765224877,6075.285558622348,SE-ARR101-0838,high
2026-04-30,1086.4444552436644,-4030.1993938799046,6561.50606333532,SE-ARR101-0838,high
2026-05-01,915.4802700194037,-4353.222826250526,6044.224491076441,SE-ARR101-0838,high
2024-11-01,525.261468837049,-3211.574311689337,3931.5071202233366,SE-TQO702-1113,high
2024-11-02,977.4387230625085,-2594.191612574847,4467.702496054692,SE-TQO702-1113,high
2024-11-03,215.6128497853822,-3094.446787258195,3619.1040042890904,SE-TQO702-1113,high
2024-11-04,-250.76388605021543,-3858.710014214962,3404.4537637054536,SE-TQO702-1113,high
2024-11-05,546.4573034735065,-2964.2045665001606,4204.5538840838235,SE-TQO702-1113,high
2024-11-06,898.7279347640971,-2766.424335511848,4391.2661469383675,SE-TQO702-1113,high
2024-11-07,1142.098722378655,-2279.898301094287,4604.44358372052,SE-TQO702-1113,high
2024-11-08,628.326906931795,-3199.1261243927192,4280.656410767256,SE-TQO702-1113,high
2024-11-09,1080.7722079085088,-2329.823633667217,4992.054671743305,SE-TQO702-1113,high
2024-11-10,319.1651278145433,-3310.703651767385,3861.1078907177925,SE-TQO702-1113,high
2024-11-11,-146.84213356719647,-3802.14943264364,3585.3828217307228,SE-TQO702-1113,high
2024-11-12,651.0762792441484,-2871.895272465366,4101.403824197123,SE-TQO702-1113,high
2024-11-13,1004.5214151579153,-2579.788189998157,4773.56519460969,SE-TQO702-1113,high
2024-11-14,1249.662304684064,-2240.7900720804405,4736.970574514588,SE-TQO702-1113,high
2024-11-15,738.340647748527,-3184.639994073586,4305.469075930132,SE-TQO702-1113,high
2024-11-16,1193.965192311672,-2338.308849482761,4483.239476383795,SE-TQO702-1113,high
2024-11-17,436.2795246556428,-3211.1950080876377,3916.0303564927,SE-TQO702-1113,high
2024-11-18,-25.086503791768223,-3392.447492310742,3539.687343482636,SE-TQO702-1113,high
2024-11-19,778.1366609137241,-2883.921927897803,4346.532664823848,SE-TQO702-1113,high
2024-11-20,1137.4621753343072,-2235.874645077981,4752.140844398493,SE-TQO702-1113,high
2024-11-21,1388.9427298548942,-2048.6393008356195,5240.1132723401315,SE-TQO702-1113,high
2024-11-22,884.2790418298804,-3190.528604458473,4427.498871868742,SE-TQO702-1113,high
2024-11-23,1346.7185717886637,-2108.4789792328143,4815.573673316526,SE-TQO702-1113,high
2024-11-24,595.8280462059597,-2878.1517873689804,4167.769900860829,SE-TQO702-1113,high
2024-11-25,141.0498711629889,-3355.9082115442448,3725.1699646216116,SE-TQO702-1113,high
2024-11-26,950.4606714066425,-2535.465925159812,4443.548011655629,SE-TQO702-1113,high
2024-11-27,1315.3802722603014,-2255.2042593299743,4828.410337764881,SE-TQO702-1113,high
2024-11-28,1571.6725663421278,-1702.6955975258156,5055.365861046371,SE-TQO702-1113,high
2024-11-29,1070.8586808120458,-2597.625278980593,4423.40054100494,SE-TQO702-1113,high
2024-11-30,1536.0200050302312,-1929.2835967260762,5106.009932945793,SE-TQO702-1113,high
2026-01-01,-474.2363946636271,-5261.532295627052,4004.780259946206,SE-SAL549-10744,high
2026-01-02,245.79212562193402,-4488.283671859936,4838.911717793931,SE-SAL549-10744,high
2026-01-03,102.15238350116176,-4523.308549696328,4463.592093871051,SE-SAL549-10744,high
2026-01-04,-584.0721122983227,-5033.137618827689,3998.9712681680726,SE-SAL549-10744,high
2026-01-05,-1001.9901986376174,-5767.505443343831,3666.0273250854607,SE-SAL549-10744,high
2026-01-06,-47.09645382508651,-4182.167983147206,4713.511180669331,SE-SAL549-10744,high
2026-01-07,-57.983842275725124,-4563.400935423728,4797.672984431524,SE-SAL549-10744,high
2026-01-08,-318.9841127327529,-4668.466306097249,4047.5384363216167,SE-SAL549-10744,high
2026-01-09,425.4578661165536,-3893.864493806728,5034.062575043356,SE-SAL549-10744,high
2026-01-10,302.6713974388847,-4161.679509427095,4731.865723591463,SE-SAL549-10744,high
2026-01-11,-366.59076761090034,-4991.346973554298,3900.4918619586615,SE-SAL549-10744,high
2026-01-12,-771.6695992413355,-5176.142516852822,3759.8282174387327,SE-SAL549-10744,high
2026-01-13,191.81231472815838,-4501.395695794133,4973.5665362020645,SE-SAL549-10744,high
2026-01-14,185.24057943113556,-4351.64130005071,4306.982517302073,SE-SAL549-10744,high
2026-01-15,-75.632082202676,-4349.819561912899,4316.203746475457,SE-SAL549-10744,high
2026-01-16,664.9360338320444,-3950.118781867343,5026.1141115974715,SE-SAL549-10744,high
2026-01-17,534.5560834740409,-3839.3399899146857,5008.145428368607,SE-SAL549-10744,high
2026-01-18,-145.65169183684097,-4454.194072342667,4359.200135901563,SE-SAL549-10744,high
2026-01-19,-564.5873119845796,-5235.350315016584,4093.6978924890095,SE-SAL549-10744,high
2026-01-20,382.62670029275665,-4024.5963140731483,4773.493294851469,SE-SAL549-10744,high
2026-01-21,357.9190537441475,-3921.9725423861955,4698.165217521773,SE-SAL549-10744,high
2026-01-22,77.61129984285418,-4283.705071588399,4374.548125637277,SE-SAL549-10744,high
2026-01-23,798.0216805961295,-3840.566314046933,5127.063174651467,SE-SAL549-10744,high
2026-01-24,647.3274433681833,-3756.7644628848584,5662.434544274886,SE-SAL549-10744,high
2026-01-25,-52.81325238066353,-4625.942902983704,4711.798239035115,SE-SAL549-10744,high
2026-01-26,-490.8074187983285,-5169.5692755603,4268.061425428575,SE-SAL549-10744,high
2026-01-27,438.6553060739721,-3971.245676393348,5066.455758235659,SE-SAL549-10744,high
2026-01-28,397.86319481225263,-4064.515720306871,5053.770726482312,SE-SAL549-10744,high
2026-01-29,103.41329059367894,-4348.546089116086,4312.592731070611,SE-SAL549-10744,high
2026-01-30,811.8073090501609,-3938.6333001474354,5200.567629436722,SE-SAL549-10744,high
2026-04-02,1259.7940827798864,-1879.782462611275,4620.710165694328,SE-BEB154-2344,high
2026-04-03,1177.9760069985218,-2442.253986227862,4436.768270983325,SE-BEB154-2344,high
2026-04-04,1415.7915154626862,-2168.547615559542,4710.613060322784,SE-BEB154-2344,high
2026-04-05,903.1061187757703,-2563.025550563382,4154.885220539823,SE-BEB154-2344,high
2026-04-06,394.9613080363275,-2939.137012546827,3692.7570108514215,SE-BEB154-2344,high
2026-04-07,1438.525484546786,-2016.8990046355018,4606.467850492357,SE-BEB154-2344,high
2026-04-08,1329.4660244276715,-1952.0353739595632,4528.833424477893,SE-BEB154-2344,high
2026-04-09,1289.5339429690716,-2084.1692501781204,4433.1559383762615,SE-BEB154-2344,high
2026-04-10,1206.2583862175356,-2287.728457403125,4366.954182597678,SE-BEB154-2344,high
2026-04-11,1442.6117017117215,-1865.2577613095395,4921.958814354925,SE-BEB154-2344,high
2026-04-12,928.4929043550296,-2186.913937164642,4322.484766925193,SE-BEB154-2344,high
2026-04-13,418.9705154452572,-3108.820492442305,3335.9123232866473,SE-BEB154-2344,high
2026-04-14,1461.2342586330283,-1568.6877632288572,4690.614694110291,SE-BEB154-2344,high
2026-04-15,1350.968060629048,-1814.6335749056552,4671.875787193514,SE-BEB154-2344,high
2026-04-16,1309.9357561243794,-1819.4419400109864,4600.807107798173,SE-BEB154-2344,high
2026-04-17,1225.676657561716,-2150.1373743803647,4544.422881237252,SE-BEB154-2344,high
2026-04-18,1461.1716759324631,-2103.759790553854,4639.135721036621,SE-BEB154-2344,high
2026-04-19,946.327746810318,-2406.2960894106996,4285.4889496682645,SE-BEB154-2344,high
2026-04-20,436.2214840161313,-2913.9089297062847,3481.8607449110254,SE-BEB154-2344,high
2026-04-21,1478.0514979308784,-1589.671357831724,4711.521455647871,SE-BEB154-2344,high
2026-04-22,1367.511789560093,-1976.406204145618,4693.025366054782,SE-BEB154-2344,high
2026-04-23,1326.3775953679421,-1842.7548886496843,4654.798508505341,SE-BEB154-2344,high
2026-04-24,1242.2008315537905,-2140.7419092272576,4584.096444883424,SE-BEB154-2344,high
2026-04-25,1477.9758255536935,-1763.3326381986203,4873.246048318754,SE-BEB154-2344,high
2026-04-26,963.6231036456766,-2480.3829061782103,4291.110991309187,SE-BEB154-2344,high
2026-04-27,454.232184627056,-2905.045551516655,3576.383187912083,SE-BEB154-2344,high
2026-04-28,1497.0128555763577,-2040.713887486817,4650.193227238317,SE-BEB154-2344,high
2026-04-29,1387.667390140981,-1950.4891004652166,4880.232634746735,SE-BEB154-2344,high
2026-04-30,1347.9751417463672,-2150.137517774631,4812.435575788935,SE-BEB154-2344,high
2026-05-01,1265.4867238270624,-2145.1030866069777,4614.669137615389,SE-BEB154-2344,high
2026-04-02,1240.2053135070253,-1818.7227307476303,4875.511194312853,SE-SAL549-1770,high
2026-04-03,1440.5241365471643,-1672.5527525623086,4891.0105005871765,SE-SAL549-1770,high
2026-04-04,1451.6386646071137,-1904.8591455611993,4602.189202835855,SE-SAL549-1770,high
2026-04-05,834.2195430556765,-2392.9283728629343,4096.819824290425,SE-SAL549-1770,high
2026-04-06,307.0030096184413,-3174.1956742141156,3826.114149111332,SE-SAL549-1770,high
2026-04-07,998.6298083818334,-2374.057313900774,4493.609581660228,SE-SAL549-1770,high
2026-04-08,1104.7900198689563,-2192.6708189403776,4284.0567863729775,SE-SAL549-1770,high
2026-04-09,1298.8468407691564,-1990.0832752204753,4612.308379473047,SE-SAL549-1770,high
2026-04-10,1494.7536389488014,-1982.3273023938632,4647.022926956877,SE-SAL549-1770,high
2026-04-11,1502.170531551121,-2187.109911616489,4723.045522768852,SE-SAL549-1770,high
2026-04-12,882.0066481327029,-2804.96955161111,4347.049225113281,SE-SAL549-1770,high
2026-04-13,353.198277729015,-3137.8624087614003,3647.782744097963,SE-SAL549-1770,high
2026-04-14,1044.5405835564397,-2585.7273103106654,4313.034923843949,SE-SAL549-1770,high
2026-04-15,1151.8266966264898,-2018.2537772127075,4497.950854485418,SE-SAL549-1770,high
2026-04-16,1348.4674019763188,-1795.84148965955,4867.87588380701,SE-SAL549-1770,high
2026-04-17,1548.4058723075768,-1802.3783164184533,4955.081485383831,SE-SAL549-1770,high
2026-04-18,1561.2337711700648,-2058.9321092184045,5050.210570515882,SE-SAL549-1770,high
2026-04-19,947.73490511236,-2317.344527064862,4447.554770360575,SE-SAL549-1770,high
2026-04-20,426.6665837305711,-2765.179843868338,3642.2950095811625,SE-SAL549-1770,high
2026-04-21,1126.596275646923,-2082.5509380266853,4700.986282100709,SE-SAL549-1770,high
2026-04-22,1243.0472228120375,-2134.4959368665277,4353.386880976079,SE-SAL549-1770,high
2026-04-23,1449.1260300144381,-1729.9367953933038,4910.639992635647,SE-SAL549-1770,high
2026-04-24,1658.4464451205895,-1472.2861696456546,4880.9728466647975,SE-SAL549-1770,high
2026-04-25,1680.2553782651617,-1897.5263718462388,4847.803459022053,SE-SAL549-1770,high
2026-04-26,1074.987038896275,-2263.550997448863,4389.325083486714,SE-SAL549-1770,high
2026-04-27,561.0550319306608,-2764.005167197554,4123.778628691349,SE-SAL549-1770,high
2026-04-28,1266.6996755623038,-2052.8314528604906,4548.931829064372,SE-SAL549-1770,high
2026-04-29,1387.1438799724854,-1905.8327247784093,4777.197365888418,SE-SAL549-1770,high
2026-04-30,1595.230292535868,-1581.0138849035436,5165.531893608349,SE-SAL549-1770,high
2026-05-01,1804.3536351673506,-1607.2663497586145,4997.687784553186,SE-SAL549-1770,high
2026-04-02,2615.7715046574867,-1221.9490379713654,6686.609260906218,SE-SFP606-11850,high
2026-04-03,2357.4586808298995,-1595.0459846846106,6390.954115270011,SE-SFP606-11850,high
2026-04-04,2736.9948084891794,-1433.885305757965,6531.634129167343,SE-SFP606-11850,high
2026-04-05,2096.070643052755,-2096.6902863222786,6147.984656596528,SE-SFP606-11850,high
2026-04-06,1571.6283536205146,-2524.978649725373,5825.492678529015,SE-SFP606-11850,high
2026-04-07,2066.0927019606997,-2031.027022125739,6255.038996836806,SE-SFP606-11850,high
2026-04-08,2515.3081640976775,-1499.6528579883638,6424.455880158319,SE-SFP606-11850,high
2026-04-09,2236.068216610199,-1550.972480233401,6234.885519559418,SE-SFP606-11850,high
2026-04-10,1950.445121313429,-1658.4390143584405,5871.414881277879,SE-SFP606-11850,high
2026-04-11,2308.898315111045,-1905.2871666543024,6217.142994966512,SE-SFP606-11850,high
2026-04-12,1653.1462361646832,-2261.580253519368,5663.709110536663,SE-SFP606-11850,high
2026-04-13,1120.054502724911,-2640.415335768278,5233.057867578771,SE-SFP606-11850,high
2026-04-14,1611.8715769109772,-2546.702011029589,5676.178863190757,SE-SFP606-11850,high
2026-04-15,2064.1720275149382,-1700.6055973163604,6131.664811907397,SE-SFP606-11850,high
2026-04-16,1793.3934630898373,-2318.303804793734,5652.598748663502,SE-SFP606-11850,high
2026-04-17,1521.1752943391343,-2483.606748287926,5493.3759916707595,SE-SFP606-11850,high
2026-04-18,1897.4772378097905,-2370.784340089258,5712.454408762899,SE-SFP606-11850,high
2026-04-19,1263.462181130286,-2629.0483681149985,5338.906278532742,SE-SFP606-11850,high
2026-04-20,755.3961032665799,-3587.7738849390325,4692.419122349941,SE-SFP606-11850,high
2026-04-21,1274.8959516642926,-2710.0065560362154,5037.251679388759,SE-SFP606-11850,high
2026-04-22,1756.8853564620767,-2265.990996285301,5612.975792144831,SE-SFP606-11850,high
2026-04-23,1517.1440203822629,-2564.656872096105,5488.11939260439,SE-SFP606-11850,high
2026-04-24,1276.658715650356,-2710.930517062373,5389.999179018018,SE-SFP606-11850,high
2026-04-25,1684.7535816048908,-2544.301513778047,5800.128961536706,SE-SFP606-11850,high
2026-04-26,1081.9841378029346,-3139.1534028175683,5352.364942938897,SE-SFP606-11850,high
2026-04-27,604.0475171199515,-3660.1338497161964,4855.483946939804,SE-SFP606-11850,high
2026-04-28,1152.0396511737647,-2625.3609958709994,5133.302254837645,SE-SFP606-11850,high
2026-04-29,1660.4191410121653,-2727.144979385149,5574.095383558277,SE-SFP606-11850,high
2026-04-30,1444.5635287888904,-2281.5424068426914,5479.124776483632,SE-SFP606-11850,high
2026-05-01,1225.1258051100315,-2792.9570689223647,5272.13140170578,SE-SFP606-11850,high
2026-04-02,1295.656479609657,-1540.1954796589546,4457.862624983496,CO-TYE752-2021,high
2026-04-03,1208.6649509498689,-1724.4345263671423,4001.1446966207795,CO-TYE752-2021,high
2026-04-04,1249.6878267121624,-1903.2957322538377,4133.030672984349,CO-TYE752-2021,high
2026-04-05,912.1867621744036,-1922.6750652804717,3931.1209757529223,CO-TYE752-2021,high
2026-04-06,201.85610160053238,-2759.5042736169876,2990.424953128438,CO-TYE752-2021,high
2026-04-07,1209.5664971100427,-1700.6011277153223,4056.291782731481,CO-TYE752-2021,high
2026-04-08,1101.616780403516,-1949.0203114029293,3840.560404715547,CO-TYE752-2021,high
2026-04-09,1200.5847823297813,-1606.7424989217511,4288.467061335922,CO-TYE752-2021,high
2026-04-10,1115.7531403068635,-1896.1231587723241,4104.788330735714,CO-TYE752-2021,high
2026-04-11,1161.9718665527585,-1811.15494811714,4047.116103090817,CO-TYE752-2021,high
2026-04-12,832.5014224553961,-2199.331007304342,3943.881741954171,CO-TYE752-2021,high
2026-04-13,132.75255542423622,-2645.8167451793947,3017.3999312590126,CO-TYE752-2021,high
2026-04-14,1153.2379183601133,-1793.9782302231365,4223.897568033991,CO-TYE752-2021,high
2026-04-15,1059.8340625725664,-1830.6473516552967,3948.9486700757525,CO-TYE752-2021,high
2026-04-16,1174.6442259493087,-1868.1641052713244,4251.2857866164195,CO-TYE752-2021,high
2026-04-17,1106.4376306138813,-1936.1985038463117,3983.5633655199413,CO-TYE752-2021,high
2026-04-18,1169.5266932581198,-1731.9015918273349,4097.921295648779,CO-TYE752-2021,high
2026-04-19,856.6254899355902,-1847.1762830034968,3726.3150316655947,CO-TYE752-2021,high
2026-04-20,172.60530497400873,-2848.1123913723363,3153.5689431936826,CO-TYE752-2021,high
2026-04-21,1207.4618466470079,-1704.6252769061136,4104.492673159874,CO-TYE752-2021,high
2026-04-22,1126.59228344731,-1837.2028465465082,4177.654248689476,CO-TYE752-2021,high
2026-04-23,1251.6720992216176,-1557.5427992529244,4328.350496660939,CO-TYE752-2021,high
2026-04-24,1191.1070824150472,-1818.8735667634485,3907.7821660341233,CO-TYE752-2021,high
2026-04-25,1258.9214899608182,-1730.4559167682585,4265.02358361524,CO-TYE752-2021,high
2026-04-26,947.6254111039718,-1895.9988906533006,3652.1374895775753,CO-TYE752-2021,high
2026-04-27,261.97689992748997,-2882.188829644274,3198.7965862122232,CO-TYE752-2021,high
2026-04-28,1291.953261028214,-1597.647934890908,4176.811130920196,CO-TYE752-2021,high
2026-04-29,1203.0295129725143,-1642.0658053154364,4274.233759957569,CO-TYE752-2021,high
2026-04-30,1317.0539711175898,-1692.0097288853901,4264.062726110398,CO-TYE752-2021,high
2026-05-01,1242.6962831583894,-1643.163213792079,4070.8561757741154,CO-TYE752-2021,high
2026-04-02,1381.1099560285834,-1689.127020618014,4420.249438094437,CO-FVL356-8665,high
2026-04-03,1059.6406123328761,-2092.961769238235,4343.945489527025,CO-FVL356-8665,high
2026-04-04,951.9184917523487,-2466.6191280142066,4263.759196631139,CO-FVL356-8665,high
2026-04-05,630.5581009493607,-2722.7452293143397,3821.6045268541397,CO-FVL356-8665,high
2026-04-06,167.64368397585122,-3208.075982497772,3388.288968922397,CO-FVL356-8665,high
2026-04-07,1128.3567717050355,-2317.716354903096,4124.298038259494,CO-FVL356-8665,high
2026-04-08,1261.9046387807498,-2235.1171911735837,4370.5304313277375,CO-FVL356-8665,high
2026-04-09,1390.2682181713587,-1892.8834788214638,4637.033761898654,CO-FVL356-8665,high
2026-04-10,1065.2566668747,-2236.0987346770276,4228.526559641004,CO-FVL356-8665,high
2026-04-11,954.3382397480411,-2354.8373596171614,3940.704979441179,CO-FVL356-8665,high
2026-04-12,630.2590665827908,-2662.3540372677085,3855.576787840058,CO-FVL356-8665,high
2026-04-13,165.22550653771452,-2982.6223549110773,3157.3015020728712,CO-FVL356-8665,high
2026-04-14,1124.5274945803042,-2237.577177809612,4481.558607579012,CO-FVL356-8665,high
2026-04-15,1257.4631020441175,-2074.0130480963967,4383.257487928474,CO-FVL356-8665,high
2026-04-16,1386.0830007305026,-1608.6805415812134,4678.824898845104,CO-FVL356-8665,high
2026-04-17,1062.2421512994795,-2133.3070744444076,4058.72326024467,CO-FVL356-8665,high
2026-04-18,953.4284833473746,-2260.547549793667,4218.412128051889,CO-FVL356-8665,high
2026-04-19,632.3802521148627,-2395.726139980659,3969.8408745371325,CO-FVL356-8665,high
2026-04-20,171.2678115139663,-3131.777321377709,3367.2923854170854,CO-FVL356-8665,high
2026-04-21,1135.3172573323463,-2059.215289912234,3938.970944982727,CO-FVL356-8665,high
2026-04-22,1273.7361732314605,-1738.7143919690932,4423.790224077398,CO-FVL356-8665,high
2026-04-23,1408.4601506148508,-1798.00467761146,4565.406464695145,CO-FVL356-8665,high
2026-04-24,1091.207355424974,-2015.012841077046,4497.8727960973,CO-FVL356-8665,high
2026-04-25,989.3108338412449,-2034.614793243397,4319.830124436095,CO-FVL356-8665,high
2026-04-26,675.340140361815,-2467.068236686705,4012.298431637301,CO-FVL356-8665,high
2026-04-27,221.2879036248337,-2800.929698948462,3456.4160778580135,CO-FVL356-8665,high
2026-04-28,1192.1986401237223,-1890.0668800057717,4605.121763125958,CO-FVL356-8665,high
2026-04-29,1337.0998899803367,-1837.0975835573506,4507.362913386325,CO-FVL356-8665,high
2026-04-30,1477.7541773676971,-1754.6382264607291,4852.570955180849,CO-FVL356-8665,high
2026-05-01,1165.7188956553618,-2069.8840747018567,4385.530474444881,CO-FVL356-8665,high
